Pos	AA	AC	AG	AT	CA	CC	CG	CT	GA	GC	GG	GT	TA	TC	TG	TT
0	0.2904684205016227	0.1525310800066171	0.1790328775728579	0.09752490347715279	0.4801730242237546	0.15677662269597953	0.21711503539934635	0.5208097197364856	0.349369302534351	0.26143863907308157	0.3284169948623617	0.30772957968902326	0.30065588852848846	0.21381767421514036	0.12591374264758406	0.18925935937341712
1	0.408162955713228	0.4501664719063548	0.22773418531463335	0.36965811394921094	0.126118842136194	0.17228520469891714	0.2537520658541911	0.2546726758032802	0.16445762891559587	0.18315243972018286	0.28249665896104587	0.2632380374994283	0.05578933522955655	0.16968009173304172	0.4271837012842458	0.3157693641198043
2	0.2784536232775853	0.17614973122263916	0.11918857329693555	0.21696434421826852	0.20454001075467876	0.1615265322232821	0.29647944557155337	0.18957284142623745	0.16606170491180772	0.2825801576669295	0.37812988464103026	0.3822055463196468	0.43122124874925355	0.3433995827126635	0.20782197307777672	0.2789092215799992
3	0.2083826120367236	0.2733798851272639	0.23035108598922985	0.28747462276771346	0.25748536879514505	0.20853495746891815	0.302830788328128	0.19260873739431883	0.34294002132110746	0.24360847854797907	0.27578728237241423	0.2398867853750427	0.38569994040012734	0.19984950186325323	0.21725909924972908	0.31317906503371884
4	0.32491442076221	0.2752675867910266	0.2288236757168049	0.3294879720403971	0.325245902206182	0.20380564791454553	0.14438394112584513	0.3602376009759634	0.14118922684365326	0.27875777902290505	0.29540525637428444	0.312675983107098	0.2395932307143593	0.22723735188429822	0.2836236489292668	0.2803649909365161
5	0.3373365503974474	0.09898044699201858	0.2561341760869899	0.33214088691684146	0.2903517176198976	0.317416807572451	0.23163811003662366	0.15619441988288627	0.279001417288225	0.22907768019189578	0.2125213301814796	0.1786280447939629	0.33472577471897924	0.2448640533501984	0.3783768258927148	0.3148568243375626
6	0.3207229282320742	0.3839275740417949	0.2730200703420058	0.25568547042463136	0.2663544166788848	0.11875087458384155	0.177302647673561	0.4040799715841797	0.21717170571868505	0.3177189930381962	0.24784695896710074	0.21652113972365805	0.3735951963069937	0.2588094154094545	0.13022689861657047	0.2754613784304804
7	0.31548820300084063	0.20263802110618717	0.2851325537142051	0.32653583512796075	0.23654938691369695	0.27981026934161457	0.26063221389814234	0.3190936171785804	0.16802628185454013	0.2394978679346587	0.17830171470839215	0.18905011777322955	0.3520547897994294	0.15200786171802086	0.35439825362442706	0.30332960221165806
8	0.1409647925998012	0.3142238044801365	0.3133547222355928	0.30676649531280303	0.2214987548289002	0.23359303204281096	0.30378747998029776	0.06919609953543249	0.27793544078565985	0.27430969750158773	0.362195505629483	0.12444705921084721	0.33552728440457447	0.2803098800655352	0.2910127805299255	0.2522687564456127
9	0.14474187164697694	0.15769073112739926	0.3103183230399904	0.33191348216182004	0.33713619889743335	0.15717140877335625	0.2412332996171679	0.37352393515618415	0.29706615687622767	0.39696015424627795	0.34044797806437965	0.15814216267337927	0.31109180031046263	0.21704258204276045	0.046183216549874416	0.2378259275274315
10	0.3571462959230726	0.14933279220054074	0.1781118042790526	0.402340407025101	0.24805712053177878	0.18520269315932006	0.28279488242596285	0.3385597843404685	0.25332184922952206	0.276629642228969	0.12524941936873468	0.2736511983058512	0.22884910043291865	0.27719783870810344	0.324395003892224	0.24592901041444326
11	0.2813190233988879	0.3136880905952476	0.2370923840922223	0.26800312723874997	0.1706781051873119	0.3166499920790797	0.2016206375797379	0.25832996090658517	0.22177118032963294	0.29515869864382926	0.19242660836810999	0.2162928441910208	0.4527255656574217	0.1715248428952584	0.27982664060405593	0.3915188511317536
12	0.24812920387712745	0.14730936549920962	0.2423603600386067	0.37290896779458255	0.29805739649395996	0.2368938682389644	0.1743334936571152	0.48017065998618746	0.17209071000370949	0.1577819710988998	0.34406923877551904	0.24738292899206227	0.2684113512079302	0.21853518781873393	0.1749345082793773	0.47038474456074164
13	0.17660684520197534	0.20041875124693104	0.3786860024328817	0.21431393704279436	0.27246868874756436	0.07027418308417227	0.1842993177577572	0.2786485160615526	0.19638672739538934	0.24351760295982972	0.21597807243294	0.24798967434571326	0.43281517488678967	0.2219870472113958	0.44778935660188135	0.4924259235455651
14	0.28084634956326127	0.2242749094767572	0.19429385113522052	0.31033940036996727	0.06875325839980763	0.1703918417846036	0.2902018103805657	0.17406622644457342	0.3956982309807083	0.21443136456817358	0.3764671286774981	0.20632801964087868	0.408081925834855	0.22214234861590854	0.37866965922193907	0.27559586150824966
15	0.3299772259832265	0.22731574421227602	0.17374640468920177	0.31929166762779826	0.11756254555462652	0.15537334562341604	0.22774372635317167	0.32919853625916506	0.3257152724488834	0.30567992684268536	0.3112688558598154	0.3372145542801994	0.37912980687255043	0.28793377658283836	0.050591506373294834	0.3196467733125196
16	0.367087862036602	0.32823583485646807	0.1712669970636484	0.2400536428053026	0.3154611336287727	0.24311788762540132	0.24148867264229856	0.2099843572604428	0.0926938520234238	0.2384695433226099	0.1910743896277194	0.23033677012103415	0.19893458652258525	0.37164254430210536	0.2751350925785759	0.42943793201252584
17	0.13265003570383196	0.1682301797406297	0.42124646266810434	0.29143949695926774	0.3223310936920743	0.29962829524185947	0.2536111477268308	0.2693195452186356	0.23025372281329173	0.22433378944022317	0.18288262244043285	0.29456568741955635	0.2864108131037381	0.2019676110979116	0.3378490934028499	0.3007011054801367
18	0.21090274222872224	0.19297813090743718	0.19332052842489944	0.3582521153044725	0.23506853128668767	0.047169035328966796	0.25295039142755693	0.3998615905072596	0.4679853190498844	0.17367529004075494	0.3252069224224583	0.2113051022975199	0.3516608030014683	0.33333632422755693	0.23351162694517344	0.2652169308859493
19	0.22722111303289944	0.2928949740477945	0.27224661346521245	0.4530800360821141	0.09673406369619551	0.25032753377539346	0.16571437844499085	0.19187634468652864	0.21189284355278323	0.18067254244750547	0.3416568012358246	0.35738851137193184	0.2538194023028571	0.3278992058548745	0.3521092273880231	0.26692397302026344
20	0.21761552952514548	0.19993456640905422	0.33582335882366016	0.022805547182638976	0.34829963683331533	0.16568864024508564	0.2867806789863812	0.15102227412866157	0.28071507395311074	0.2547818121771646	0.23167741293354138	0.35390692488019354	0.4290442515880003	0.3351792976524794	0.3827041952062609	0.1765028908249137
21	0.18855376395759302	0.3922755697245309	0.25938918278759215	0.3957557888280611	0.28437492106077056	0.08712949106775147	0.2768795289154709	0.3176714687675937	0.26907902348549406	0.3001562544115667	0.3584657618496519	0.2563325220976751	0.31906484235037424	0.14668262344315253	0.07740488588002756	0.2256715093701771
22	0.1858791482198955	0.32768947421270195	0.1848925793202401	0.34648201614752455	0.19448930151683244	0.22745711883240868	0.26013860202713884	0.24161892853334643	0.22318900356805704	0.2230714147952642	0.2823918582633508	0.28679952879674214	0.28513517693625345	0.2890776197012769	0.21549433760368267	0.4421485721066967
23	0.22975433262853845	0.21175712189023405	0.2044648760323386	0.21217240750763017	0.37834109460396165	0.2759621614460709	0.23144154581128606	0.12701954885528768	0.25180413116765155	0.18685877991837266	0.30416948760676077	0.24293906178450483	0.26543477240369234	0.348322274879624	0.359806327790421	0.346365839073138
24	0.3228849017929675	0.4007145714059548	0.3444685868904108	0.12097544831971487	0.36188954813323937	0.26587392752708333	0.11776739840241564	0.2893834848225637	0.2897835917947127	0.3432635099142088	0.27242913092210125	0.11616429570393484	0.3453075947300022	0.30364028241529284	0.11002065996259605	0.21891044314952432
25	0.35523667246232105	0.2309918324647543	0.354395518985088	0.3674960792730831	0.33831109551225425	0.2820311763614905	0.30948042374384305	0.42629497813482775	0.2221616727700149	0.205810459626658	0.2455122124276926	0.09144942962500442	0.27028187746691923	0.06121689111389523	0.2432292418893535	0.1885654797329433
26	0.3725197950678825	0.2552152863354738	0.35380837758609485	0.2298401029635322	0.14419901623905754	0.2623632272766845	0.2124737181766265	0.1585095207432298	0.32990729977378563	0.2710989274809163	0.39607269147755536	0.11120958879510634	0.28356170250523827	0.24681898724713888	0.351000068420777	0.18052009360528867
27	0.2990359318524076	0.2852224904021506	0.1391429310702878	0.34502364022314663	0.3826571257849935	0.15095081693893253	0.18771969866375626	0.3845896322212481	0.36542269091693963	0.24349980476749086	0.381811093441728	0.3111565140063343	0.2236160034779786	0.11855719764108962	0.09154761403407254	0.2706849501120189
28	0.39970556473678587	0.29920683857649705	0.3140703028668231	0.30665995120114975	0.15759374997083864	0.17661256904037703	0.28282490255871845	0.12274916625949925	0.1400033529413666	0.24775615922061178	0.13150367518460235	0.27052168445901864	0.36860785363274906	0.24107615279305325	0.38273456945231116	0.32920270568121746
29	0.25262920379920656	0.3343694151854579	0.17537835608816696	0.24919664763346547	0.35300160263122327	0.17045441741038686	0.2781586770673006	0.07949464154776265	0.37326032663280406	0.19396410434107625	0.3390417592146445	0.2672431877156239	0.305594898892504	0.3054372707139048	0.2492884969679649	0.20752279882338093
30	0.3193894344513423	0.1829974406966187	0.40755690106356496	0.39551482196366056	0.39797129907525464	0.06546939430996113	0.20375633689825878	0.28320752988727677	0.23705156336599872	0.22748995762263757	0.3462206004768154	0.3127223493012921	0.20374723286408578	0.25181287721469536	0.0698360954048538	0.2798076580136187
31	0.24537890547294108	0.30865373777860416	0.2663739836354413	0.3901888549852924	0.2126045240180766	0.1533628854985114	0.18268235812723957	0.2161884313832737	0.2780873064025147	0.2969695098975875	0.1573819700447466	0.23815724947875358	0.30567946524914086	0.2985773380436262	0.3470732170363519	0.31297718983462636
32	0.27566344150557776	0.15655068645390907	0.38840804459606115	0.20787695144235727	0.08145925845119568	0.35870875491312426	0.41626193033688386	0.08919522215488977	0.28929155103103715	0.23406284885890527	0.21606858876420626	0.1935166692605387	0.22299056004900417	0.30022217636008747	0.32662289456678734	0.29637265471324503
33	0.23046738978924936	0.09471747491604551	0.21016947895671162	0.2896962584486011	0.3445184583600734	0.089642039014646	0.2737165473492917	0.347578339991208	0.3842301245785138	0.3098820483642874	0.3872399622742966	0.2830612173643838	0.2430579508994502	0.07864925536331115	0.11346239012037097	0.3602564616344545
34	0.3156177328755577	0.2931277671644043	0.3286543740198849	0.29822259333139345	0.021581431875959425	0.15123809148464282	0.19869705217696593	0.3294721783886394	0.10434492138681631	0.32227356241581046	0.16089786645830628	0.3876248643241618	0.30405494149892587	0.25786280634050973	0.35553237687660477	0.3525508756327561
35	0.05360655018904105	0.2913230093657352	0.12785371366535658	0.2597267735609742	0.32259955143348373	0.32202918181319906	0.2678513040225516	0.09661624981559627	0.2621863997122573	0.23430261468931254	0.2868021888515202	0.24469803742884627	0.5282995234434351	0.310529974049158	0.3136914176957138	0.263623951576561
36	0.35419446718645786	0.12207862995082143	0.24439924944640665	0.35612558404396505	0.24008291419495317	0.19126805585527623	0.31961701084690636	0.36047726220190024	0.2944227307203578	0.2221261981843103	0.21691341946250423	0.3486381649033204	0.5002770028290631	0.19475574541988333	0.1427542654516825	0.14385076862913593
37	0.408225046738167	0.24765562942068922	0.2341079564027507	0.4216976838407653	0.09081548969807418	0.25587582255947716	0.13523547281097723	0.32456961523723415	0.2915719832530084	0.17346963983555982	0.21486903500476673	0.3705378319931396	0.347139511812368	0.3254859919773507	0.32073794302081876	0.22446448868250599
38	0.2662654454547816	0.3181424944953612	0.23025090657738237	0.30827293809090034	0.2605076609068726	0.2825760472841036	0.2718810191749318	0.10385874964766204	0.22016882621177744	0.1554153758222842	0.3209876117247977	0.19184080725636776	0.3433014376621987	0.3372849015458	0.32582725428847514	0.32079781956126263
39	0.25378952435718005	0.3191437061560287	0.1850898772930859	0.294483686778105	0.21483654500967056	0.15322367038542087	0.2398497383218419	0.3936619971693667	0.3229964427398412	0.29296960300135294	0.2487479169163852	0.29358939858024374	0.3916126924442586	0.23821451088853624	0.13307868701123157	0.23018692095245002
40	0.3130119507506832	0.37385609930081404	0.12954774237809705	0.3292076236188974	0.23393497048937822	0.24384400603543735	0.29660297135344765	0.20186459136187845	0.245221683183392	0.2405734495467823	0.12326923181937671	0.21209941769842083	0.14002236583883476	0.2535760762045512	0.3369008406620882	0.4166303694682019
41	0.20944870276561348	0.2656091660751513	0.2239476843386851	0.26836042820563283	0.2593429229797662	0.2585502144643071	0.24877988585937497	0.3222243802756664	0.28168958346846823	0.2598111161489149	0.2531027971671686	0.10333268026124277	0.49328564998495783	0.3060082274721811	0.32200202273665296	0.12356852153046033
42	0.38848120790587165	0.14431038300478327	0.2408975984375476	0.36911224761947536	0.22765012635680637	0.26331178653628073	0.26279889796733374	0.33261980544383574	0.2744420957616021	0.2157744036530457	0.278587670944493	0.3115280119386519	0.3415440032987521	0.1124869026278163	0.22071256118072927	0.20754227169302691
43	0.22928976951519234	0.36418639441178163	0.20453842582631532	0.4170890987574067	0.1360508427157074	0.2273410164802497	0.1871207044848969	0.22588761679558728	0.22334357129289917	0.26414758776935776	0.24370126944697865	0.27098328743790895	0.3764663280747738	0.2555564134886036	0.2627923621957743	0.37454477850520895
44	0.23641242972369275	0.15887357363372825	0.2270500862820855	0.27526955080499993	0.28803673435159216	0.2090482740428142	0.35411793314980483	0.15995035390689002	0.21197602629792214	0.27418201812053694	0.2202739322462218	0.11601019148576151	0.5332878296710947	0.425240414421816	0.3521495688489074	0.053882866373307366
45	0.39412517229173516	0.30386706616096515	0.23155580976448337	0.24764074156643198	0.3250374107152178	0.15993682983869004	0.24273741898929804	0.37400664713536774	0.2633681480515549	0.2229490915511233	0.41589595842010824	0.3368408378915324	0.36202393979264996	0.12316631888424816	0.026412852219940223	0.200816066888073
46	0.41422927833284934	0.3750750364192542	0.24172918899994755	0.2987206666366843	0.1879502783929134	0.15296514356150345	0.1273978427996704	0.47766855595190083	0.25517032251543004	0.3208075963939379	0.13691928766591732	0.14151209100769477	0.24033747391340715	0.24992808216556894	0.3707758266244993	0.24886042987280174
47	0.3591740135359221	0.23005347101793808	0.3086144255138919	0.20024199857619307	0.16650276188439486	0.31352077923829014	0.3009525799866214	0.3125405720042109	0.2594859185917287	0.21168030256790138	0.2665209935518049	0.05694269777161589	0.17537583313662622	0.34388475709306615	0.4366981867926059	0.1608005509155246
48	0.330738389801135	0.11810906003405927	0.290677342931932	0.22377152374719073	0.3145518117774555	0.2935939213956593	0.17862699907936508	0.3158480647702361	0.4545693276086893	0.2783225761616859	0.3667162626710427	0.19960980658490574	0.14614343942389219	0.09064738322329048	0.26245690561351004	0.22552681346227343
49	0.36674918916755717	0.2958593149497828	0.24414763557795602	0.4297370703596705	0.19072463337395734	0.24006002291643574	0.2071451316298592	0.20995335602294218	0.2607340354115092	0.24275420437859957	0.276675788513157	0.3088982585329232	0.12442147366606664	0.22135169314579564	0.29852354135656584	0.2526512499073826
50	0.30745667475931476	0.26653665656429204	0.22036645296274082	0.1871326214393128	0.21734536629950446	0.34089908957315174	0.19892519451153884	0.27278142432577807	0.17993850666542227	0.3231546997464055	0.19665653945055664	0.27059440591914474	0.32030826693258907	0.3577461371856819	0.30447056768562003	0.2226856558734843
51	0.27250399127265124	0.21646975703158722	0.06553607620907043	0.38234018635579303	0.3034907366531553	0.23132135851063357	0.2998583443161549	0.48923394521559144	0.16131309067380142	0.24713503571078382	0.16910932293547654	0.31517063722666344	0.4003244846741044	0.1863786880457521	0.21417560293337573	0.23157317967833052
52	0.4063827119597418	0.2515142365434078	0.27824429502050646	0.12947686448461931	0.10762762960167943	0.1999153648190516	0.24983854360050858	0.3569462663502642	0.15821086201480605	0.25593720360169775	0.24068895807538307	0.08249282936019979	0.19327946672564816	0.27164024745732546	0.4658083242503313	0.40431139761761725
53	0.25987251989055965	0.22645660696141529	0.28454758455561224	0.10734726115519101	0.16503593600285704	0.32349895790639693	0.27962456001685143	0.1942918327466379	0.2552373067563653	0.36197683872417674	0.30768221224736425	0.25719254700487	0.13154407353136302	0.28228464299667305	0.31264597954392226	0.2245286904505129
54	0.1611908734995185	0.048559125648682866	0.3173900369350033	0.28763669426988236	0.2666992396313686	0.26772363837724283	0.34021469028816326	0.3836127824210525	0.2458529215727434	0.317442360152842	0.3225811536987724	0.271041397755423	0.3093694150925922	0.2895877692983825	0.09326432677316782	0.14995055896707424
55	0.26338990171510135	0.21237578367813922	0.22618133243785907	0.24577508669735904	0.24435252815434116	0.2943235484972106	0.18451174907713613	0.34047186024974824	0.16718465616112757	0.3135894604843262	0.24789130789799624	0.34155954789512233	0.24524015616275727	0.2899373721527887	0.2615776801699864	0.27736374044980155
56	0.2920193500633097	0.3057190001402067	0.16483358477810262	0.15545760727139574	0.21536515031662132	0.27918802680493543	0.3565817856352711	0.2493278906252182	0.2173515246798279	0.24713606273744204	0.18768851562815755	0.2476774779825357	0.3284347346586423	0.1740125268072927	0.3780755062517626	0.3175814677689435
57	0.2872729683773695	0.1958977845102061	0.29867051927978205	0.2338001169168567	0.23130659730140998	0.1735116391916931	0.2299416521079959	0.3974059906500335	0.3902262582533279	0.16725935953847051	0.3172810578232658	0.348116344983721	0.26928229141281335	0.20716218225637345	0.22795187752769552	0.2829287165910143
58	0.3213780168523761	0.31812896151699005	0.18117601328930893	0.38209587915259463	0.13796235686624445	0.23689177077833892	0.20562912841461498	0.09495583904128993	0.19623317999490186	0.31886252370334406	0.2681969585005638	0.20255518513961998	0.23227731942759047	0.2404523100466843	0.35417604669132235	0.39233474560110443
59	0.2107052498297862	0.36449927364120044	0.18010819780761186	0.1449034636450592	0.39598047383383705	0.33802711715011635	0.18036161272435997	0.2608437494122035	0.22232591731013548	0.32339717574750537	0.1962693512557625	0.215657881483004	0.3061447329902171	0.32908909240529005	0.21477650365512865	0.26535674622612576
60	0.29232230198160214	0.2518981031893641	0.34564878632109636	0.26403461555281865	0.3692254136865057	0.3132263416112298	0.3207418349778683	0.34233621097219874	0.18200442879433465	0.18911713868358082	0.19819766819339504	0.1974644054058566	0.31691978181104774	0.21421465685748814	0.1479670854754993	0.26082556201161505
61	0.2410944491295129	0.1492757409516192	0.36734870676597575	0.3768219989665618	0.22018696925134623	0.18836534725805393	0.21397763540450934	0.37711404233115875	0.3054200552452272	0.29896291638360406	0.19410874416537988	0.18286439025385878	0.17131125557897073	0.25573119329336214	0.3202444084809392	0.2620923053450742
62	0.164462136269896	0.25480847634475035	0.363178707578303	0.19460678401932904	0.1973438455078676	0.21636962389820275	0.26216317781126436	0.2556414685982409	0.23300427674649837	0.2904389990242399	0.3568416063102945	0.12083252755258937	0.09939794186446936	0.3610230430455366	0.3659075009493495	0.3147575400581752
63	0.17180121843690652	0.12857346656002158	0.2504079689345858	0.18392943977791262	0.38059488174021605	0.09865249354720936	0.2563655868300025	0.4102596893718064	0.24987186795681757	0.3195285226383994	0.3757860449764276	0.35479779328497774	0.2671887250696373	0.09257833951001572	0.21292688213625258	0.33725282830954206
64	0.22285219922127808	0.11192350011787383	0.4290518556375979	0.28541125338028034	0.1395766206931538	0.16048852993781712	0.2071595924778831	0.241328868814573	0.27497738501246805	0.17183641568325472	0.3735926501993141	0.3849270222756163	0.4235003337127994	0.240428428369728	0.3627122528794115	0.2674244675374651
65	0.18939090216628782	0.3680504203642414	0.3073891697418624	0.16084082394897828	0.06352133376054446	0.17148006799655094	0.19681732487641346	0.26837994683330546	0.23034489751189433	0.41057227929967693	0.29868783290710316	0.2962528278646433	0.44087128572513945	0.3752608654956695	0.29005820027755014	0.11508402106854217
66	0.3197026100294661	0.14447281691877312	0.20829478816815097	0.1412050171384952	0.2517973038601304	0.37043603996527075	0.38003677221735777	0.3287336666330596	0.30644981987721454	0.27612484119109	0.2771786083734975	0.1575932623402358	0.4728585075495219	0.001692483758997392	0.24826205396248996	0.22762089639875643
67	0.37403319308441624	0.202917424614626	0.26669303783163884	0.4346683373175323	0.13419483351454917	0.17093331087952993	0.26554034046406494	0.2845332154837631	0.29728636773284806	0.19640950545431302	0.42610269193341715	0.3218427414641799	0.2097089338375669	0.20937671015211198	0.23188717221535102	0.19094048351320989
68	0.35949338328746544	0.25249032533825	0.16628039346199625	0.23807850140313888	0.22019136566306935	0.31468233360171216	0.24179023431061084	-0.06674306081168727	0.2105449055649472	0.2716035416195443	0.33712647598445333	0.3705557188326618	0.29210937194917796	0.0835998059416336	0.44222221702255926	0.39119213200070835
69	0.3438094369359339	0.11629803976541371	0.16271094251267737	0.37803503504171043	0.28149819023204975	0.1449198144906841	0.21391878049946028	0.3683224966971363	0.31579711039076314	0.31879603113413335	0.3253778735320037	0.1897880151968286	0.3934568014193217	0.21551007824500895	0.0021124282835228315	0.3830964777662611
70	0.4006267708343929	0.2657704434143279	0.37002344108540947	0.2608966705519087	0.21614634080507375	0.16298011470062768	0.2560437242426762	0.22686130812279012	0.10754095442846202	0.19989533304099483	0.20121004127226022	0.1929590008176349	0.3819082536516669	0.2703430649837013	0.36121960356212296	0.3359891299587067
71	0.34871970324163715	0.28157589118191584	0.24159021840242378	0.20213176827646126	0.11885793060595135	0.22134344931433347	0.29073617870612956	0.2000785443455092	0.2823995573544264	0.31352726386230234	0.3907928876922392	0.09909131809463118	0.33796145462321325	0.2547955471972	0.260489263464213	0.21436111161070107
72	0.24808823249630074	0.3069454620330532	0.16822712494846412	0.29271066387772454	0.22617519845271777	0.22458604390113318	0.16714298095250898	0.5469038251446602	0.28899529522997214	0.3077392804870183	0.30532189011653665	0.31236978174446806	0.2839374657386356	0.17138347115743394	0.09207951306558175	0.21847823682944625
73	0.35155795609838736	0.13009383179416475	0.2557752643745382	0.29281060873863884	0.2214907043993068	0.12813475852830836	0.3050971983634407	0.42172455206769954	0.04619705457914466	0.2694703348099966	0.12044686734242505	0.21909896607630044	0.33490471166842595	0.33120063414810846	0.38262809927965996	0.30172450871475276
74	0.11736301140929276	0.15101990581403116	0.34653462998319245	0.321790414428162	0.13336417588455352	0.2101467009623548	0.33929939258447345	0.13294997872100467	0.29851731688196953	0.31103911099036935	0.26294066448178216	0.19742892414261193	0.27704547298129356	0.3233220191821895	0.3839605725911262	0.23164026942915383
75	0.09579912144483003	0.35071439614110744	0.0766318107756061	0.2839207125833112	0.3300058080747212	0.2974074032349518	0.21543478983557662	0.22674946656361983	0.35266190008667686	0.19759651986117754	0.408451213102956	0.4693771319360663	0.4213989887558553	0.13448221926821516	0.22784882955718963	0.1798498693442232
76	0.27217229918629104	0.20089191822007627	0.24265947693312367	0.4266653008397658	0.3990009454608142	0.2198653547995992	0.21424397242441037	0.12979306295982113	0.1528291352899778	0.17282626980260965	0.3244046658243315	0.3605560231154125	0.33661998416276373	0.3140677985804789	0.20298856649631097	0.34194337200353353
77	0.3297577007033385	0.3628527335831713	0.3048675994372668	0.1576872218534291	0.34812936201579786	0.13048977856396735	0.2312597465138342	0.13586622204886917	0.11262084025564172	0.26198421150024775	0.34846900597464886	0.17320883393205516	0.35366477294421866	0.4045151672251326	0.277541022242376	0.2587344661469947
78	0.3323554971401689	0.1881944437053844	0.24721889526257615	0.3173165802521141	0.18212897030015304	0.19988801149230084	0.29770424330212936	0.4218281318736278	0.3073702734611659	0.2558462095439991	0.2624264415203784	0.3392041685648914	0.2624331920435379	0.12923216553632774	0.1601342648306427	0.20423972604389673
79	0.31644869179468327	0.26812544553442486	0.27861161339298773	0.22212993366839892	0.23137708497928086	0.16662933311235786	0.25568985489419155	0.11707554275833688	0.3066561981387246	0.14704184007351948	0.26785638965618946	0.39969812406762817	0.35718417819587195	0.31787526986093834	0.3024258580045967	0.3268038289636817
80	0.28399438305522	0.12338125066016864	0.345086989336826	0.42019747462368084	0.19918037086807563	0.2969314821526718	0.20847816264668723	0.1315014735884334	0.27745587402364685	0.28457493782747134	0.3399636819023837	0.1462445004406482	0.2849697823845899	0.2950976059905723	0.3309477180561717	0.1621060920722029
81	0.32577521203306403	0.29995453479500295	0.02328461859762288	0.339750575131955	0.20410877315032616	0.17771430316366152	0.23757918974872902	0.4609004342470243	0.418659287975752	0.19971285498455896	0.2839791812306166	0.33504370208444784	0.39595461571545654	0.06034179479090161	0.16653481149324706	0.2945834215093062
82	0.3505412650521922	0.3265256005819214	0.21636006463884544	0.4280009561194599	0.19417181742076245	0.1485573234427239	0.22503129908657907	0.15298967880209738	0.19244543402956377	0.18407198390020574	0.22485191270023688	0.14929993848074502	0.2782731556089026	0.3049814719389027	0.4767240195774352	0.29287058128219656
83	0.19347360760904578	0.30272960825716316	0.3910951415469692	0.14743313713261777	0.3463580541901736	0.22996107763536042	0.22664513885530735	0.06570368462244347	0.2838213318924141	0.2348329301847631	0.3635646544025595	0.3004502938167923	0.3766711569649813	0.15001169630330868	0.43383869136529507	0.12662092706583597
84	0.25540028135023124	0.35824492781242284	0.3160399660970375	0.26794534999345787	0.24492660932912433	0.24609477553995612	0.16807973120702926	0.2879086333935827	0.2883356253837096	0.3119146758194816	0.4354970966567239	0.2983103368023714	0.18587947113035058	0.1181012754685703	0.2099409593505255	0.1308495623308062
85	0.3142282945878935	0.23728984151257698	0.16790802155949633	0.28585273426960195	0.23996583912932468	0.28585941644581614	0.28541748237282444	0.21453758878186263	0.304973697541489	0.19107472496721253	0.22347090579183904	0.497635112449956	0.28138490945531824	0.1673011977563725	0.2649129413417099	0.28068963801366414
86	0.17482364536926334	0.25458098304930016	0.42438287691465026	0.28790083834084323	0.17000070441829154	0.28973326837969315	0.24286826509879583	0.14264753887128345	0.10660191619463484	0.24308457789930607	0.33058590491479234	0.29877954622671876	0.40315669237417096	0.23666314937646868	0.39246382852090056	0.2370683479735673
87	0.3075769863755141	0.12039059004314806	0.11470612892474197	0.20698576343240696	0.256733858752445	0.2738318655694677	0.1317082525444185	0.426387017523494	0.3261817602549739	0.2887591788352805	0.3268338054210098	0.4049786735994323	0.2720778558085216	0.2558028307919217	0.16801937945251244	0.2805499047508314
88	0.3138959503839906	0.43184542578613677	0.1985152311548485	0.2438223139383961	0.17674295588290756	0.25682151153120697	0.250618078458252	0.3123817342553213	0.09319938662585936	0.1767138334965043	0.23721354413903276	0.23426253207741188	0.20482325682232047	0.34446720961449784	0.37462346690190157	0.3090742662186123
89	0.1681709299411149	0.23567316795735888	0.21260821433547386	0.18572826566752504	0.3548024580667574	0.18256510006271834	0.35344830520041415	0.13385465779081215	0.2585553045253281	0.21920604977244562	0.38805137548314417	0.20310603887629172	0.24770311809602516	0.18118779922847192	0.3050300160195409	0.35106878802728575
90	0.34952155899639004	0.23217755941510632	0.23148751911601745	0.23949663414935665	0.16142948960261444	0.19150205492532507	0.20302726216852077	0.2777484253160369	0.37753390681171267	0.2555678803195874	0.32478366039018175	0.4322249385878136	0.20619076103509834	0.19704097850559238	0.16773595295715124	0.29871267159335424
91	0.48869269141021693	0.16593683047194435	0.118321315484508	0.3672221349937487	0.17492306153169396	0.20120098730932146	0.2280375016728036	0.3173945144992207	0.39757553870214557	0.1652478203998383	0.18922992016221526	0.2623144716915195	0.16224246615735496	0.34994770804419756	0.3120087974116058	0.34653304771699156
92	0.3673134326334711	0.30151388632645154	0.34072730748005525	0.2600012637318482	0.17416276694482685	0.211849496792475	0.2648359723140835	0.17919651259447403	0.22412946103334985	0.2359809682905046	0.20982796175139848	0.1978473569975797	0.23537067644096715	0.4775142511152218	0.3844861087685571	0.1746176387667101
93	0.2381437373580383	0.3292542187225931	0.04804011497226863	0.32849569174028326	0.26529490724028204	0.2497410093432232	0.22634571343425025	0.4638154257171919	0.26651758985728125	0.30108640534045766	0.33187030898860354	0.2222099713252607	0.31629177513020296	0.16614255485920917	0.0950227335320673	0.2832818527467368
94	0.2979910221416871	0.3436996447043268	0.17910119709684919	0.2564107368140166	0.2081073807443372	0.3160122423129356	0.1742425483940635	0.4818702478845832	0.08175966845716279	0.26298783986468754	0.2319071124063965	0.0690244822845857	0.23832703404410832	0.28498115809971913	0.35029248084997566	0.3957271234178405
95	0.08671621455037987	0.3153388980549212	0.2978298957152932	0.14748797851931933	0.2726685829384552	0.22005272169394496	0.43497427944564193	0.15342614473928118	0.18849715556507815	0.1853132607963498	0.33582841584719797	0.2134706841478728	0.3849094901730689	0.2723321148758793	0.470085425950328	0.0898869402050308
96	0.12006457938218165	0.1362341656390655	0.22327872072257052	0.3928822701227086	0.27785071036808645	0.26209798323190286	0.2358426645266971	0.13417232058090456	0.35183492883554135	0.3189945256793321	0.4655746783049469	0.4922486245461101	0.13380528589042673	0.05363278655668494	0.1828222687943531	0.22235930005273813
97	0.09467857481555844	0.33241793630704297	0.2693957726566231	0.24160289198677093	0.20730977486383959	0.13279877949678645	0.20738421170788043	0.40117887389309254	0.2367934832968229	0.23282425240459304	0.3678244188722621	0.307521983140191	0.32328369636540494	0.3477514800691515	0.3639020977328592	0.1823179301622122
98	0.21648472369435945	0.21563429310545382	0.2439187042732928	0.1458457500879561	0.15238369595870668	0.3117801263994156	0.30813608008681714	0.19600326460760428	0.2630882750527271	0.3020928583867642	0.30403755251786607	0.28686287636958613	0.47021992092251763	0.14233794314242518	0.4480147452630355	0.08960826413196868
99	0.4044785493768925	0.24189514205771823	0.10598040615291046	0.2213458116189656	0.20117182230723854	0.22677022137245909	0.250299778963888	0.371330034094263	0.2901379945508218	0.34046977244147675	0.3668526721548705	0.2803400981985595	0.2021473437682429	0.023650495086486686	0.2561138691547405	0.23696401065175887
100	0.32811809614722354	0.2943172774303671	0.19553792232466258	0.32772621759181275	0.1729290840523382	0.29634137634637164	0.22722443231982373	0.20827784768437893	0.33030564632917825	0.19578061261571802	0.21793876518009744	0.36679556341402275	0.031710433646568545	0.1845098247156663	0.3655561319270834	0.39691380306670954
101	0.20301158324986135	0.21272070144034072	0.3007086905015423	0.22294525836841567	0.2181893478349307	0.16484547031653296	0.30411114160807146	0.20756025388798893	0.1911778009295313	0.2698482072173558	0.31920788120184007	0.19806397460683695	0.4745402885577968	0.24396767732635763	0.36242010514762035	0.27478979391305247
102	0.3768710836199474	0.15456859129893097	0.1547376865425548	0.282204918328301	0.35224472069147317	0.11785420412132766	0.15962877683333912	0.3291199300751451	0.5078337801506715	0.269968553760946	0.2257128411299833	0.3090070805529109	0.3659346932048647	0.17092296691390724	0.19725910838227792	0.22804486050802028
103	0.5431121828560042	0.3508059882151117	0.3285220544234987	0.3923027216442433	0.21325159193396276	0.18441606201046468	0.21619999815012667	0.12665902260136302	0.2543765209795104	0.09592552652635083	0.23232052774093878	0.23322213615193896	0.2545570758894599	0.208677763131613	0.24693884911712302	0.4527775913836511
104	0.3805204864716098	0.28736955305168715	0.3143727790480677	0.3148251719300144	0.247221266605672	0.11936718598969526	0.22317323251730847	0.13220303001460731	0.27065874539901147	0.2555484272858381	0.30254663338072574	0.11811748738769175	0.4045953074975117	0.45821591146444496	0.19061850663237329	0.24036635340538232
105	0.3818370740555899	0.15866906401363556	0.2673873144307407	0.41047356133928187	0.2961015762641208	0.2726900909874242	0.15401519496398627	0.3998070486125273	0.37614623746541487	0.19760186098651877	0.20683361445521098	0.2824751519600791	0.20575419141012063	0.23659719570982052	0.21328895543411067	0.14643136818092733
106	0.2810265173000245	0.4161966836909327	0.29349692836731256	0.33769597127521633	0.22280910195694126	0.2230724703429179	0.16332252958204677	0.3148867734869238	0.25992314191767396	0.1503509451389484	0.20047343442959853	0.2613448093287536	0.42029332070083086	0.24427669327009424	0.3398494737550728	0.273327713654565
107	0.30716347687969525	0.3461174591512174	0.32821975376387963	0.1691788277670678	0.3058821557861109	0.2026016902605944	0.20323393394006065	0.24170256843789648	0.25322710804510984	0.24070184904343989	0.28008255401972154	0.16863710131465676	0.25106338512728676	0.3034353988942971	0.25688094824125285	0.36202804299179453
108	0.24054818459086527	0.2345709442839807	0.431392170756861	0.24307402472600875	0.257150319063707	0.1624880165816916	0.26262984216936147	0.3768959407483027	0.16933601690324976	0.20944249287427524	0.326028611610971	0.35798588344092835	0.34230677646232	0.0796354167117484	0.2775477322136289	0.2747274042507419
109	0.28251603222967	0.14633517349083405	0.17192048308036087	0.3634364615401325	0.13941743215787875	0.19221524619953592	0.1840209753846265	0.18293668118808262	0.3235316643619212	0.3123870751020291	0.27252051563993357	0.3673967467440396	0.178227356910122	0.23912923985220713	0.3546285585079741	0.4126238474607306
110	0.24636611763865798	0.38955568111425387	0.2129721726293351	0.09588488861897486	0.2292464804631004	0.2825017921281795	0.2869340293544175	0.11562147717863948	0.2014329131660567	0.3054871247196806	0.25066078342375675	0.1475488165859807	0.32196995071978607	0.26478123380056534	0.3581308189349163	0.3905632046588623
111	0.20736646009759493	0.23237245682432225	0.22854167428040278	0.2915752913281276	0.27016420691490617	0.28440818171143606	0.3494489745218045	0.3068781830207804	0.4108942479742743	0.30038394447905675	0.20997510854131488	0.16902343445255585	0.3813033989988611	0.10328456206587303	0.18552401098067284	0.16238736922134867
112	0.34136834556125517	0.2448912720336215	0.2917195149755576	0.35654116235083877	0.156382220509489	0.22103175930242008	0.2993393054155765	0.2660102222499971	0.18320539438767677	0.2578739002865914	0.14570131013559948	0.48703731636373265	0.22333563020385921	0.24231564466341265	0.21569896136849454	0.25742384082156644
113	0.31543090960324077	0.04195339750514407	0.2824614155628642	0.2523337850937684	0.27161656618458196	0.22844009944339316	0.23150786114878083	0.24479852684240277	0.3443066106114829	0.2140868953794796	0.21499983574100068	0.22672595505312956	0.38990209830169814	0.2680193671389138	0.34583493990220127	0.359031495682438
114	0.447499245722496	0.2872841728511571	0.121853856688015	0.3993650424376754	0.32801977865908843	0.13954627202147826	0.12435046821566902	0.244602421844847	0.3041405552769949	0.26050996131606896	0.2532866694780765	0.20798071317244418	0.49618510959347545	0.23756768899654582	0.15340382008434675	0.2990601336928593
115	0.42604177090038764	0.2614389130026227	0.3801717785971966	0.45025439176409826	0.2329369634380007	0.1993214237791572	0.22106973132147836	0.31658592681379116	-0.03060731083270122	0.2188128907215807	0.1317397004735958	0.2684059034884297	0.31283949706014585	0.16425597669561356	0.31103821133248	0.39761183112779247
116	0.2909111012523352	0.1835303884808555	0.27784760307825085	0.17841890290457313	0.1622879137618855	0.15161378204361134	0.2657232891905448	0.23132080427975665	0.220080374575735	0.24030849606943713	0.2566001047064569	0.3271758825883867	0.49764443120453844	0.2952140078656037	0.39067848523855214	0.30803935615792816
117	0.3170317079648023	0.28319775203926945	0.09214762522260464	0.3304139396805292	0.31965348913704555	0.14409444353649326	0.12863888587280659	0.3484344643251713	0.2623740769997027	0.27076444594371496	0.33402837310177363	0.30562962615709127	0.4337816624707832	0.1757434527080331	0.18405851195957434	0.32786754422849845
118	0.3575707942445741	0.24712414007940198	0.32727384863649095	0.34174353440609245	0.3239046701211471	0.16246257228077732	0.24762333784006432	0.15666316188276305	0.17050899847348466	0.1825592705794265	0.2211324015488871	0.16738842283617586	0.16921728212180137	0.30282201701890055	0.37639233397102556	0.3954216199446704
119	0.3309875222376307	0.29338412068443576	0.3129049917120511	0.13069737801422418	0.17769454080963756	0.13429175252257863	0.2593141323484256	0.26262451210096227	0.1723410229714922	0.344858466750774	0.4297143667824286	0.10105782615050639	0.35303920733466976	0.2867150073577282	0.3419705193972463	0.1348068454278092
120	0.29704127483864556	0.18405800003211317	0.3151129111477771	0.16698595296060578	0.2658336194893729	0.20044046596502327	0.26162380193915385	0.39295859918479387	0.26085010571464173	0.35072693403019145	0.32791152146828745	0.3719097751785032	0.19508254032433225	0.18002900903946314	0.21811150318335198	0.059643584621280214
121	0.30526320270098956	0.19692309906616534	0.23468105446728638	0.31556360720288396	0.25457569133809616	0.24106150190523287	0.2821392504757652	0.18173644036114725	0.3305917676863991	0.2495088534231183	0.29279086729817566	0.2748814109832982	0.09932785926889569	0.19875660687902832	0.36775809343267646	0.2078114547760646
122	0.20405583658814067	0.2640721064055173	0.22710368339608958	0.34962354476762	0.09623887583618547	0.2718436192071382	0.2591008673222745	0.28920836998995075	0.3591881489081699	0.23809276540173113	0.3804421520109525	0.21404091407174697	0.26763623153218075	0.23151907830305707	0.21637279232391377	0.28001072596586013
123	0.4386193550240616	0.02324664974646941	0.14168435292311796	0.2524204104601735	0.2648898997730385	0.22369579671033052	0.198106823780207	0.34248385911236157	0.40596583025469546	0.22879042888640785	0.2731978377125702	0.24829994235215874	0.416807631281384	0.2432614461257823	0.13810051359093067	0.39237913094867866
124	0.5431678179634823	0.23066453130060086	0.30775825619968034	0.4124033359463713	0.18196534730769248	0.21218816702956836	0.16405004291047473	0.23677867000012562	0.24628437826007998	0.18088701119996664	0.0863338565684488	0.3183130432598704	0.41792250191589725	0.21904059710964788	0.263142546378402	0.4128939292828409
125	0.4541420702852482	0.35909222144080455	0.20988856518520538	0.32635987516868076	0.1870269063538865	0.2022788107400818	0.2171486875312915	0.20873108097306173	0.18306865417333423	0.16423351189880853	0.22977240701514967	0.25057899430546177	0.5038490594530435	0.26655647516324044	0.4224682721807192	0.26101008825654537
126	0.43354674030807383	0.22590488550424911	0.2197426211136808	0.30040900542006743	0.243797799451928	0.21323941895189283	0.12687640192492108	0.369158647516986	0.2753543792667704	0.2172732702324964	0.2654057984646433	0.3211605125488468	0.30660462808916705	0.3081713913576341	0.17562143239322794	0.27355261883964105
127	0.4186114312074761	0.29234443561882983	0.2803950617163264	0.26320085113126346	0.20258627679374508	0.2442007520842117	0.2465105222443142	0.2392158486930241	0.31374371407178764	0.0750776851590342	0.2237064283631157	0.27986451300995624	0.21326212304855935	0.26913144557589663	0.383991897025996	0.3351218519211002
128	0.15328318289059442	0.38456549941442053	0.3761012350963236	0.28879375342514235	0.15960252282341156	0.23910182414080414	0.2519310139239862	0.09033831480130124	0.291533529412345	0.21984403277955245	0.4105969164688594	0.21958387653028852	0.379230444936571	0.2892503883810507	0.3852036245611306	0.09084198955582708
129	0.261491275884329	0.26107524699628026	0.18831401923000257	0.21272868950868692	0.212013584073863	0.21148579084620228	0.25254524169346615	0.405981444400696	0.4666469885536895	0.29950451945874423	0.3172166773517453	0.31629589559349874	0.22661804703734792	0.13757704569227988	0.16845552248962767	0.17099444982191822
130	0.41309273205064034	0.3589375503138239	0.2362401101283675	0.17694629107355703	0.175876442333046	0.29599854914194074	0.2238061809790417	0.25832429198731105	0.08389062130957876	0.3255447988388867	0.23139254548704585	0.19656853019383544	0.3090778549878825	0.20265192760874448	0.36239477815145155	0.20277460966623784
131	0.3847705890887831	0.05659522972096246	0.3738011884959336	0.13502350878759614	0.18627044292515035	0.33694990863508867	0.3159492328045311	0.365051726889978	0.20737715369776274	0.2697961740278148	0.40771638919235387	0.08122148509824488	0.19848693125692868	0.23771625410909783	0.21379147908575924	0.1792724715720641
132	0.3550013188201533	0.25412315668842267	0.13767998794143443	0.20397261803403313	0.19255775320775761	0.2471667129624612	0.16045161957619752	0.4446099723054372	0.33039403643730636	0.3165355347104536	0.3449943553277192	0.3391761235615596	0.2476131159461195	0.10805454102760684	0.1605556125685433	0.28641557886059654
133	0.41781866657927297	0.2403947332362844	0.2602981044546242	0.2147139436017464	0.08295782273348176	0.2410160549461601	0.29853970885922193	0.3294370790998393	0.1922290989914206	0.2410509575022687	0.20138690360014677	0.11827415917266582	0.4643341760618488	0.2683342956485353	0.39290354227918317	0.16818371876602453
134	0.22463470455703327	0.22597293631866255	0.3229221299142582	0.3352795224446405	0.1334833543492716	0.3009973057337368	0.2508654679557436	0.32546434943104774	0.4018336394368148	0.2786599866678731	0.25839051534400115	0.25156608005723924	0.3868628574861335	0.1994347906914852	0.18166345662344174	0.10928212759324266
135	0.48472464023044587	0.13497115938418758	-0.004649695077664366	0.41840464666424043	0.2467782602182974	0.15152235050494653	0.19582003354674365	0.5043645909981586	0.23596074264837213	0.3340082924594223	0.19527393453094408	0.169405566280812	0.370484069077335	0.2013701358750648	0.22523883049546276	0.276518719749636
136	0.46031207615944364	0.24404225608422045	0.28571378938106323	0.32820853255532967	0.20521345960519735	0.18666221867167215	0.20286827848323155	0.3784387868624746	0.28566188235944656	0.1183894871572893	0.11456373440421373	0.21080903317418476	0.17697868127945748	0.4240744343552334	0.3019779769979099	0.4272953022101253
137	0.3415132473451273	0.30463186985813995	0.16608322675646298	0.3297581151673626	0.33913146091227087	0.3326708860366268	0.18319663295517058	0.02540818208293929	0.3454047241838708	0.313971447871476	0.03600098840178216	0.17255397945007092	0.6372388956903802	0.28817795307225885	0.24802056823684446	0.273092381023523
138	0.2900460819466871	0.24765217691831967	0.47809652750012777	0.5416232293243023	0.318245733292834	0.2648245593856889	0.2867927902692263	0.4011203459717125	0.024592966319141193	0.22556892882182092	0.08710781984930176	0.22201017504313295	0.44846188808548004	0.035157398327931515	0.314023314254139	0.08509525935430823
139	0.016065234191749957	0.4843602287122616	0.43965363699156945	0.11695171603238846	-0.04980183581115551	0.3591098935396876	0.2727873561056928	0.13146235379016571	-0.1094538237534714	0.4576245988947999	0.4432251254429732	0.1290795005625129	-0.11848682330849936	0.5329287355907698	0.5058769221758025	0.1638262855324676
140	-0.25302038286050077	-0.07132494017861898	0.5485846371417074	-0.36198709916376104	0.23964206138311095	0.47867001158404476	0.8941944166485999	-0.11105214444496438	-0.13009788421580698	0.3750827877899105	1.2751547014316211	-0.21667233582541073	-0.15041986864845705	0.35562037405903363	0.5143448222822684	-0.33575674181080023
141	-0.32887522576310946	0.21079548046046193	0.42781003105606147	-0.3893051119706428	0.15203325727030795	0.2615104981716118	0.6423381973466964	0.05837988373435036	0.24732098469797206	1.3220750893768105	1.1308855386045271	0.30213765529616415	-0.19229881936151644	-0.14241049647287596	-0.08970955109582687	-0.6077514600449363
142	-0.11845469119533672	0.0982946742300604	0.05996612215877518	-0.048269439452055536	0.266470926414469	0.8369094469035746	0.5351352390583026	0.47147052042286525	-0.05287280162238558	0.8926256189031665	0.5632679749780165	0.404165197472539	-0.4296170263972937	-0.09443557669925827	-0.10771319008595572	-0.23644680979956245
143	-0.4048626361412239	0.09670583411184422	0.3351417642857945	-0.17574509266603433	0.1397899554989678	0.7937697830521634	0.8317187224376079	0.12701043139068707	-0.03718547740427202	0.5658118889204903	0.441176866508626	-0.11800694864494007	-0.08031800335483777	0.0933977535633396	0.40968975523310996	-0.08336080675082506
144	-0.2565764933735125	0.06784258103278085	-0.12988993016786704	0.041094679018428774	0.3714623787968131	0.49668445436139624	0.3300885668679841	0.6558606611385045	0.19452928961162477	0.7614405925228743	0.5674303573977878	0.6225804438799591	-0.04524589891982727	-0.1346360412866593	-0.11601710915472373	0.08911274774662148
145	0.07585906486041201	-0.11213043485389242	0.14012178079952956	0.2859909960058842	0.3103230816894034	0.50837847663821	0.2780357800346487	0.5331891481039995	0.06011565913823535	0.22266606830287544	0.1147539280084268	0.4280886737415514	0.4134033675541208	0.2991082525032265	0.31038740339088566	0.39178527491027004
146	0.06667377689385885	0.21425946736789622	0.3242066616380122	0.18792679135524404	0.11954331522180761	0.13210327297148372	0.3145710998864734	0.43377979223599766	-0.17163281993012325	0.2665592702105535	0.3605120973141704	0.3971107826227084	0.09427546972005173	0.32339183754772494	0.4483572389799392	0.671950237411923
147	-0.19068160616115654	0.20686640671248008	0.3611318636263021	-0.2444792251336945	0.20134484620862167	0.2580806779229169	0.2244090911672294	0.2681267071859473	-0.08272711902800906	0.5492405443866587	0.5172559129871384	0.2949830136983113	0.18334048837289785	0.4808103525336493	0.41624320049985564	0.4676515422957264
148	-0.17126203818346794	-0.2965398769750884	0.6215549524543663	-0.16712456518688956	0.0787899838796734	0.024258259592333242	0.9557203869441181	0.060382063705009495	0.21274204398395305	0.07366215643214032	0.8196209532720227	0.5531389677105164	0.049844091771688546	-0.14465237078979415	0.6185162448181813	0.006659996140896184
149	-0.0645893692807484	0.25389085016557983	-0.0021989668545842017	-0.005703272791695519	-0.35268823084391304	0.2152759582072773	-0.025578118929256266	-0.02921927847518471	0.14597996656728712	1.1015428496532154	0.925364673478496	0.6675553499280462	0.09248706206259738	0.09680331503836981	0.30397445294715336	-0.1068620081489608
150	0.0976030675227493	-0.04784345534521194	0.13446762315613395	-0.4189129922523888	0.25502203325234174	0.7870567171607751	0.6342901033150842	0.5462138276310899	-0.23349594858424563	0.5800339466641717	0.49760644099217294	0.17404374660388644	0.4075123839676964	0.044961539781772884	0.4121188048522312	-0.23975690987397966
151	0.16578123283186297	0.3310215930595851	0.14828388151537777	-0.24987120428924262	0.42324679121996944	0.2690847583761578	0.7356090949830202	-0.23992511762475735	0.11559489123125956	0.6122679402600497	0.8053210127033555	-0.0661279729049242	0.33842283077482127	-0.2043411155436182	0.5005880617992097	-0.7192440482598459
152	-0.4389042324435638	1.28903788819694	0.5194810685964912	-0.31877733996520763	-0.043547609292224364	1.1278122968964543	0.402664428725948	-0.45535015296303544	-0.3715994690348746	1.1021245004088152	1.324394782394803	-0.6574350427918648	-0.3232421844259252	0.16950609659352803	-0.17298089424426497	-1.013359672216432
153	-0.5800677519086672	0.26021709943387905	-0.5271280227445294	-0.2568212881344539	0.8063881154565071	1.847506975338204	0.646416404751839	0.5471955331924702	0.005246722271678299	1.0817671582422816	0.5863063145130694	0.3238512637057256	-0.7635312041726682	-0.3053387266430818	-0.5948985091001053	-0.8747285472541538
154	-0.17277305672840704	-0.1312768582061559	0.5973275244531436	-0.49229183845635965	0.4593813123091587	1.3202138664797196	1.0554011453172214	0.03648479537372746	-0.45393277139388194	0.007933372835717555	1.0676373161910233	-0.44384223850560334	-0.7327687854205889	0.17423792697175	0.4488019902683555	-0.8100149134066383
155	-0.24869124491147696	-1.058630550426139	0.4572982193566673	0.26320012568412887	0.4375276801610938	0.10204490221804921	0.4957691389090058	0.18420561594053728	1.1508573645170543	-0.1418710643482194	2.0439645448690253	0.365095225617498	-0.9359984681663023	-0.5805622974107512	0.07749532118608593	-0.4965918718495887
156	0.08829658133611258	-0.11470933563261827	1.2452369922394089	0.008383133918972854	-0.9488231885333972	-0.12172097525531211	0.12583524789436049	-0.492757356114587	0.45406611118368817	0.6689705231445066	2.1156577539283647	0.39680744362677456	-0.4400437241139486	0.18051903040507883	0.8873920255432025	-0.601201205909553
157	0.40619516001293937	-0.6265232149492298	-0.6351296130129567	0.03409251098598398	0.7856324855278211	1.143848111045988	-0.3042773352182701	-0.38815479846512396	0.9750830594779272	1.1566756117575698	1.1840287866085724	0.6160761273881186	0.1941811580427531	-0.3801090308003065	0.1665241289312022	-0.8757858827057148
158	0.03762897413303943	0.9408037563623604	1.5720268079619322	-0.5377990987443977	0.12960168923166998	0.9616217488079449	0.9234528612612728	-0.9780014614146043	-0.7946750196426589	-0.32347859626093894	1.9103859500435882	-1.6545836086190098	-0.4166251692485317	0.15712195015965713	0.1721635532595525	-1.320897566186939
159	-0.2977509759448915	-0.29632061793207776	-0.41883316428789424	-0.19385215665472846	0.31800287496515234	0.24956101502333572	0.09122512498099813	0.5489121941914998	1.3126192875549612	1.3238779090849837	0.6003200139105569	1.2927061011221654	-1.7578404420429048	-0.9297567551718025	-1.2272943156024776	-1.1155817586403791
160	0.0	0.0	0.2545982234724197	0.0	0.0	0.0	0.39488257397869375	0.0	0.0	0.0	-0.20684036467663275	0.0	0.0	0.0	0.37619849111871023	0.0
161	0.0	0.0	0.0	0.0	0.0	0.0	0.0	0.0	0.0	0.0	0.2590327918020584	0.0	0.0	0.0	0.0	0.0
162	0.0	0.0	0.0	0.0	0.0	0.0	0.0	0.0	0.37469522808484157	0.08590597084423629	0.8706509595449419	-0.018916232421927758	0.0	0.0	0.0	0.0
163	0.5098422690382901	0.40833954614502604	0.3733744592697966	0.21767948622725575	-0.16641366144059194	0.6561947589730516	-0.03918811913984337	0.18245967970970117	1.1848020345282964	0.9642038191047049	0.7777140222530169	0.5425919836513776	-0.14611991792605777	0.0735732191283449	-0.03794928390910632	0.030168435355641475
164	0.48788086054760127	0.20364789219460847	-0.12735807909954328	0.3327644935600296	0.46500292535448395	0.9535258314261829	0.44434049330874265	0.7285163828884474	0.15747583973994334	0.09259539594163185	0.056350528690074085	0.00888985819659258	0.58623791153099	0.150430366282361	-0.0035757089060592657	0.31568152764721463
165	0.44608108342788416	0.306152775856812	0.25723740340815293	0.4768457403709202	0.38407756317803965	0.17726893470300287	0.10771656173839819	0.32404714581435334	0.0066647942123265295	0.17452154393214195	-0.05403815139478148	0.3553915562006008	0.3479205285932375	0.28737303373641315	0.14465013958841913	0.5075231911701011
166	0.3531211267573501	0.08675497608484703	0.16221598402618498	0.49674794276733514	0.07175500384113465	0.3335518494499925	0.15855326670977415	0.4642335548927936	-0.056055465157172	0.11678409464005561	0.05995129270649264	0.32385179574140527	0.1792501210945859	0.49861107908534735	0.234136276039964	0.7931834589569837
167	0.0883482085114854	0.22238000366597002	0.24255459209972152	0.06557810218503517	0.11523319898878415	0.37404155351902574	0.29333487038105577	0.1812817106492373	-0.05023464874487099	0.2689500441532934	0.28238221901105964	0.025318426459312957	0.5173170530976738	0.6826892991428529	0.46578808492175056	0.48886018982422164
168	-0.034290357318792215	0.21783068085938595	0.2864620160120578	0.07924671505462232	0.2846363699304309	0.49225100148417766	0.3497665306050775	0.3267409352945894	0.2895121283265572	0.515108429480581	0.20032147180623697	0.1272116732438762	0.10459001211638398	0.26327799168087346	0.22745237011174885	0.16773352178030712
169	-0.03719089040808595	0.343195855577509	0.31562291484138977	0.02151331688450986	0.2241712015340629	0.47913580371942205	0.5196283940414758	0.22160206543386424	0.020375297663921457	0.442231753360605	0.32978422498520416	0.032735218451830986	0.12189918685491445	0.2066675349312471	0.3086239767738672	-0.035600123012650864
170	-0.2483313322234678	0.3422086169682146	0.3669536940735266	-0.08933291519372863	0.2802309223847149	0.4755124645262813	0.5548472953964494	0.0889689834027993	0.12702282386413397	0.6124341956973706	0.4438339378975156	0.12028064309618024	-0.14547428595935166	0.08285411509239096	0.34924496772796015	-0.14182191931194638
171	-0.12272793419722461	0.22710947471457935	0.23473400102499065	-0.1213082873594848	0.4134696088697536	0.4315596783361114	0.4377413584021227	0.4684127389092142	0.3012292340451515	0.4240350194288013	0.6439806671583015	0.44187203982231116	0.20088881462593772	0.05314617413136316	0.04442153094321601	-0.22957782906774793
172	0.1841393574957323	0.08128685188745138	0.3054091591188729	0.22679092129918993	0.3137752096685372	0.38311028672216263	0.27976722354686795	0.28041906627856183	0.2875523571747892	0.3541888426801369	0.33834570537686187	0.4871140117287341	0.1767132652395588	0.008233356755262326	0.2401939181610515	0.07738718545770897
173	0.21079950031382216	0.30701993926777865	0.24954688294194338	0.22887332800217502	0.2573077980627058	0.2751647130429763	0.23858595273672345	0.16265010514503114	0.15084467552593367	0.41926833221460114	0.24561919986943198	0.23774770089421143	0.36990619259111734	0.2522709222130137	0.27688955231054746	0.16514676310196735
174	0.21489054424794304	0.3138236922678741	0.21987184641986976	0.1953701191322031	0.3014985724410928	0.47899182344477864	0.22023948822821235	0.37502585900034663	0.21995758867285461	0.2972053373630294	0.2491338548866725	0.1928787848071357	0.45493942872842597	0.049874281104618653	0.21589281740451688	0.1804838280481149
175	0.3609414095309366	0.22835069532594307	0.1184460100782465	0.421867699694722	0.3038991495424753	0.26626305728456306	0.3143456875436084	0.2923551250075383	0.07098575412647096	0.2557216070364785	0.3235758963273586	0.18248191827674026	0.1693400809465863	0.1615033080257864	0.29752450141287157	0.27467478873713047
176	0.17271371935292426	0.20466868205907957	0.33315821316404176	0.2368815241663888	0.1444500833627468	0.30053978048083	0.2872556968003884	0.15747814501334662	0.22364262365302506	0.23614200762900406	0.45737741490621814	0.15118877339419842	0.18879432658128217	0.30020934263288807	0.2874667738721408	0.3873428758016159
177	0.29071116035810346	0.02800095121047919	0.14743960383178945	0.23465267233473844	0.2671154696592666	0.21643203383255505	0.1936614595623694	0.40709536804993157	0.33702103556343765	0.29250082392958304	0.43895499849063846	0.32767630297794026	0.3167089974825225	0.26038947284733877	0.15069601394575463	0.2300837076138822
178	0.3905167666944938	0.23419275569430786	0.2992440888340119	0.2741393348903519	0.16877556730056947	0.27051668441863297	0.24961608504881458	0.11581515334959372	0.2958496297086434	0.25794584790740593	0.11126980888722808	0.29021535031143647	0.30125084374414185	0.2270224716480189	0.3827537213808247	0.2614022026110328
179	0.3501908106129303	0.3035054942014621	0.3309768336713462	0.16580248180996873	0.39038128952407725	0.08262871535166517	0.2010708680131331	0.37581764166677906	0.1177998578001401	0.30333965661557194	0.32297780848367563	0.26748593577092283	0.33197296094279105	0.12041166290650004	0.32747130685926873	0.19624135139608917
180	0.30574937250304324	0.327629997191168	0.3490033285422985	0.20373050326034692	0.26614297859894265	0.11434822987314928	0.1803093847402406	0.3248811923481771	0.35543038980453906	0.20625551258588024	0.39548309603795057	0.197950338515905	0.41809923049238495	0.18365401368215237	0.20076446724452138	0.2844466762715502
181	0.4921841863671428	0.17026699046613802	0.18846595084876291	0.4601227827949774	0.16053351330944415	0.31836653567713175	0.20701903036787422	0.04510225788030212	0.2754277613495431	0.2718889433065874	0.21096480798168385	0.3532682025867643	0.17118334514310968	0.2641900411881774	0.21309701981219648	0.3466832673472634
182	0.45312669433052066	0.1576651379953438	0.35070250788802226	0.16383056499328916	0.3434754949519649	0.25658861005296874	0.2889639552989004	0.11807527651429893	0.13036391718213444	0.2848720985401214	0.22450339260814187	0.09407277196298876	0.33107588518961	0.2882415418033521	0.36353422850701256	0.26157686594756857
183	0.30953754523859417	0.3390525816721099	0.31476398485121815	0.26331009098463787	0.20847683542376408	0.22961493173994	0.25213996727263693	0.3591741163644096	0.35287921430886465	0.23684113264652856	0.2899833909793849	0.34934154453577476	0.37691689868914846	0.11077719199329267	0.13344469771040987	0.1155639464237088
184	0.24701321909579346	0.38543911462260577	0.21271717922922137	0.3685862227392431	0.17471111108299586	0.2514439848965327	0.2327723073093134	0.2570080522736089	0.18092464837465672	0.2855700552611075	0.260976964329899	0.20487963119439367	0.27565512081743165	0.1662411152505789	0.28445009010646277	0.3580092250879883
185	0.17729091442733308	0.342082474790791	0.18788804888589616	0.14774211769370343	0.2471611797253427	0.37500452729196004	0.2840577962932061	0.15304993188681684	0.08966401287191839	0.3355969749343489	0.32644016792375546	0.12683855341851458	0.3391837813209597	0.356039449616166	0.3310463432218487	0.18993081193754532
186	0.12965113413981288	0.15466982038105787	0.30752019301996614	0.2271632199928531	0.3293654549585952	0.35539578056028087	0.3255279594087552	0.4055420658203671	0.2845922523255608	0.2673970002307985	0.2658991185426152	0.3693674343878628	0.14144810407762817	0.15543556775024814	0.04861931985131537	0.26975668803158487
187	0.1447497261137909	0.28476574024912676	0.3296038350963221	0.18512730278231584	0.19406592187963279	0.22395167175742356	0.27371355239323797	0.2521670832271501	0.25297105052574814	0.23742431424871674	0.1730026710295624	0.3618054258672686	0.26157917844954215	0.2882062283577649	0.4034163057137386	0.2677271851776129
188	0.27300122475834604	0.17549839642358478	0.22798704458326968	0.14246690070965184	0.17439166921165503	0.2683890984582206	0.2895935031350131	0.2703116708689699	0.20954285581134	0.2871585429133503	0.389539933985	0.275467930112404	0.19844926651154635	0.26917605585295695	0.2923252174682216	0.27364988672732216
189	0.2186716383174301	0.23827917555159853	0.17066787920222654	0.21945494285462677	0.2993323324119927	0.20610199618776462	0.20979842856656633	0.3602949823163733	0.2492145615203895	0.3478608763367466	0.2585294113745848	0.3523838787468143	0.27701095915002377	0.26424244577809475	0.12354191893650682	0.3215421478300451
190	0.29694910876397457	0.23386013261105493	0.15956427647175547	0.3556046778924543	0.20873115612856338	0.24459534743447992	0.2507628250762388	0.49099630623898927	0.13322232816322538	0.29847952013704576	0.12141165014055916	0.12044591370119942	0.25939439805655007	0.35249152667348976	0.2753591558910604	0.33586474957285567
191	0.23521687529762036	0.23652539956342833	0.3048124152030078	0.1225290613088047	0.22257232415667816	0.4330447528611088	0.24592748146378743	0.28505202865388474	0.20264538418573527	0.21470917742586382	0.26065135452610955	0.13746704602955484	0.2523492324340559	0.2850339339149935	0.4036440697267748	0.34119396227580545
192	0.3942392830872065	0.2515457175308048	0.06713950133605359	0.18018568827624426	0.36974040109407785	0.14595017926863427	0.217249973617108	0.45203507568332474	0.3689514147836949	0.2774535031137388	0.2928888137345717	0.22151601510007188	0.4452255626375713	0.20444858492589135	0.2197073308013107	0.12865510988239998
193	0.3922338803137977	0.37734940270361406	0.39386608195904294	0.3840812397030235	0.2360440177527167	0.19905561896199409	0.1797507810013405	0.37242029480028915	0.18942552394146678	0.22431106746663737	0.1381862515056701	0.28565782455232147	0.2331190505587419	0.1118290670965318	0.27942328614487977	0.3403635478880335
194	0.17467988100321571	0.3713682980837923	0.2654722458464841	0.2683906862251395	0.11046931136324545	0.3282720780166264	0.2680795466310968	0.12973105057925025	0.14359712382559348	0.24672022537239524	0.26844428353189875	0.282443235966146	0.43199328254415	0.3015163162352657	0.38875439141598944	0.2844290183474396
195	0.2555694268186494	0.17443095638143094	0.05391723657226444	0.23626617201068084	0.327084371395013	0.27695089197144185	0.3363786456569581	0.22360017317678152	0.3743523650221866	0.2606778547036022	0.3347700119252514	0.2088477444707589	0.34183334288396405	0.1790687012446368	0.17369052885576386	0.3061680432456024
196	0.4150528498390428	0.29106216743736246	0.28765656718195165	0.2944583274116179	0.25481395198524226	0.09756040945178251	0.3198530367948205	0.22174101714220842	0.37005710079158893	0.1969950816531979	0.31311188884750374	0.13169610823211608	0.2584095018223953	0.24684786770218245	0.2013680660315181	0.29607073305866916
197	0.27520128619920053	0.454693182404503	0.4464218137714704	0.17572126767836047	0.25549464143502837	0.23422167180466996	0.1654472809329395	0.1524658904695532	0.3050421426284556	0.3053662269468691	0.24979015635652352	0.25688449925163553	0.22366631683177934	0.21286375866620097	0.41556349024587597	0.08957883173851815
198	0.2846413012803833	0.22101061288174575	0.19038509260208689	0.3608620645528601	0.276199500304047	0.27051287902453364	0.29278542317656736	0.3441331164194513	0.13491946494737128	0.2664201016030443	0.366697560834262	0.3816066260454135	0.19594528280302048	0.0885866642597683	0.1230778336706083	0.27592969281379054
199	0.3087739719147545	0.18211814564292617	0.22310535461431677	0.18506391409126535	0.19843332977998776	0.27755563352042095	0.1874811862452802	0.24744886089014514	0.0896943849289537	0.2807152788549892	0.31305915063006695	0.2751939456565812	0.29238862705053575	0.26933014778932646	0.4277149757351694	0.3314208705481172
200	0.23359728394004525	0.08690554996144711	0.35002293554701475	0.20099143748038814	0.2627972234060482	0.32341348854398316	0.32206515771522665	0.05939975956776855	0.2074946278267101	0.26987352239680434	0.26233745232496825	0.42840038325245716	0.41726788410781446	0.17138928996745864	0.34029095170600304	0.16392162387885342
201	0.3048655937798678	0.24556380465375033	0.1472462929085565	0.3365761591158819	0.2950004659222987	0.06106937856333162	0.1695670626413196	0.4966765442847148	0.3324994528729157	0.25174755186346004	0.31858805748626623	0.40845399433784135	0.27250762245841686	0.10115595933057345	0.2137608503608456	0.2783979968773345
202	0.3775185656818434	0.3193480375603122	0.3145147110124386	0.20954322316155072	0.14753193780628954	0.2419065161651603	0.11259277051003551	0.24643189318859005	0.2582402843986448	0.2048123060804339	0.20034481216987168	0.19969056499262403	0.18786471490050666	0.2836839343798343	0.44277362024743	0.516695440104233
203	0.19481134730411015	0.12597939649432696	0.3532080218592887	0.3122616743485167	0.20045101417258998	0.25257003614190743	0.28327569449091633	0.2519981535874507	0.30057924479560005	0.21756434003603578	0.2714961382005155	0.21825189532298153	0.3613171248636639	0.29604370901272975	0.31302603950649244	0.24339156224117692
204	0.3217354870322921	0.2570948330176636	0.2226926132630524	0.2125854167054742	0.2925511624937377	0.07284865985735212	0.2505065210141371	0.2963761158668412	0.3508966589469597	0.26336210303251784	0.3212054615300181	0.2770792168321586	0.3620167779837673	0.08906609414356279	0.20848324316871142	0.4041898356437792
205	0.42377423124689567	0.3537540802895995	0.15908318362382962	0.3830642546744005	0.14991018411339663	0.14989419313075383	0.16967335334428432	0.31684400565916854	0.35547947817379233	0.20870046789991575	0.18581802835982184	0.3540062689159933	0.298342631222426	0.2863029442188312	0.3314382777019481	0.26074889248119487
206	0.48763307453980836	0.3073764280768773	0.14022608252379304	0.2725789894839995	0.2796314160205269	0.3261430610900709	0.2013098249659916	0.13698810948472254	0.23118962248073488	0.21030068280673064	0.24143450649492806	0.14138672332391308	0.1662965336711754	0.39387804753330763	0.39418971631835037	0.29920209322898605
207	0.224362271810341	0.4312554605449913	0.30499950260420444	0.25291793009938607	0.48817104094054903	0.1728772007959901	0.2168548029164566	0.3323125553887489	0.260629644007817	0.2846411668134662	0.18899647566891317	0.1863434686290072	0.25665281193591244	0.26998762181985186	0.19190931494323263	0.13749652767310935
208	0.21000471236748125	0.33373497354151066	0.451938617851866	0.24912750366529465	0.23062276725133082	0.32009884093139374	0.27779111498201897	0.2660330221262011	0.15867295516458152	0.2632154686266571	0.24388260889710447	0.15122280994345355	0.12076681284186412	0.23919639573268625	0.2900005992108351	0.199586990912879
209	0.20214337186062445	0.27903013125681825	0.12770201393202926	0.1386146289186449	0.2739561990598077	0.2282739020213772	0.30910918636270085	0.316010449505528	0.28410872902130857	0.4255358263480088	0.23240071375438767	0.17769826279672715	0.19420053743966406	0.25851392206224855	0.27452470276995056	0.1304200090083136
210	0.25341830281865696	0.3109174235534252	0.1280003795179286	0.2940903990776788	0.33485182710122813	0.2791520534348318	0.2638211693184602	0.46576832634847076	0.2598708968606197	0.19384587664893338	0.25924077237337767	0.3548870248715935	0.29461347616937866	0.06297968244042322	0.3000252725888629	0.15446100273360996
211	0.2754801228044256	0.24232798057687524	0.31945686299614	0.3016167543976994	0.23420583933841568	0.22644204589807282	0.12774442168940803	0.3372411443659169	0.2373190898939102	0.23555565654338134	0.21348630529601267	0.31679379849104433	0.3480682193311079	0.266682517278733	0.3940608803324009	0.23444026569452667
212	0.2053478552562535	0.22580943452454458	0.2647840052707316	0.37268294118889134	0.09670814233326235	0.2469396413625248	0.3310933544613	0.2468661510045493	0.07427354061991655	0.34147254583012254	0.28445946617083084	0.20264894214065604	0.36779573296632256	0.332155559002528	0.2336376489317171	0.26969738362048906
213	0.2636955540800448	0.05641253295732631	0.07865533240972765	0.22495544357507374	0.37460855565264145	0.21963330441286477	0.248002806399082	0.38857371522009715	0.352399409901162	0.2204644734717615	0.2650376348308585	0.38688125504125037	0.21903586891112203	0.2993578955786703	0.2230175510064127	0.3195234937483552
214	0.4270305247964211	0.22572894021304413	0.2513522113260075	0.35310268625716745	0.06684766409013015	0.1909879016035718	0.26991211580937313	0.24596948597542362	0.24161915411085716	0.17948175703528496	0.1554852659912779	0.36737990189672154	0.4812375927235922	0.2623416781647707	0.33900877400515356	0.2903256490426616
215	0.33178301853437103	0.21157544192904187	0.40263570858319064	0.19395457358913973	0.20771165121600346	0.26610590688503033	0.205983480255406	0.13980857624764506	0.17525399672685782	0.28713323918617784	0.31040800960303944	0.22084842276246316	0.3415556538188728	0.28173944292755615	0.2534394276915806	0.3895945417405672
216	0.22876748985849205	0.27866397047938124	0.1307343455182181	0.34004282304986183	0.45641517212310173	0.17053407229169323	0.28696368893224533	0.15330937596334804	0.27517773453824257	0.3195631912835606	0.2225544386749435	0.2533360319263464	0.40000590424784416	0.2570383577605646	0.07111024361295362	0.2848132709667106
217	0.345143189517867	0.3940490889450909	0.2784550039377484	0.3163935069670937	0.15743284465913684	0.29123827622535803	0.3182343001015634	0.22978073710129898	0.19519503673005326	0.19529131870648497	0.2796376531936189	0.07375866854548917	0.29159355096187356	0.3364735663830596	0.22196444865815707	0.20431741832711758
218	0.28197644342465505	0.22874304662841854	0.28749390282627035	0.16755608920245246	0.2778578958903154	0.3250117694207736	0.28720731444237657	0.2350475919914805	0.19097063650465793	0.25168510346636186	0.3983467418274495	0.2641001840991749	0.15204558148336464	0.24795080321478027	0.3537527538770801	0.04669229972276916
219	0.32659752221913185	0.23538090293254035	0.12597330887769717	0.23332864760379254	0.4045517104558996	0.1149410854667071	0.2628404363333962	0.29284194958634013	0.26763434776037964	0.3745856852132538	0.43493615410876646	0.18549024850432053	0.3054426773898092	0.10267877062669706	0.2176575798574855	0.14710429579893644
220	0.29788541821587405	0.28727838395381	0.42423235437432777	0.29138458982176263	0.3245230421643009	0.31224585336342164	0.12494242509205447	0.23481561703998538	0.35073523423451725	0.2009511334202208	0.31099296604521964	0.29688925354744766	0.172639499337824	0.12126837721730128	0.3189612030122403	0.1921099919933013
221	0.1472916683048282	0.3969144426513676	0.40804421286886955	0.26837087288462	0.09614908972243257	0.25420458251354766	0.3006564035356353	0.213987668333544	0.1062717195086692	0.348956526579988	0.2789909089384241	0.2903189885625403	0.30195952760435196	0.2163395656897538	0.3789582974619928	0.12250860151230808
222	0.04308130947692983	0.0728555926650627	0.22768431087781793	0.2342552231731173	0.2459053683028035	0.24435343766812143	0.31115047959202746	0.45647916040123543	0.4204202994520582	0.3644734441742589	0.2599161732022547	0.23465068616547155	0.4460965334464349	0.17233932311264627	0.2852918248575768	0.06997802072168803
223	0.11276155567744242	0.17182081737180926	0.3583580398267739	0.44203192909026345	0.18812056455714463	0.2864425888489763	0.23960115313587074	0.2508246285932285	0.35303855198446615	0.3131610032799752	0.14952843690076184	0.29539084922792985	0.2668303695539083	0.12874037388563375	0.30736436212252977	0.2901829845737269
224	0.17233471760227195	0.23948477880598665	0.2988215770534538	0.18625996870372877	0.21948296324385308	0.1563727416610019	0.27757743590864997	0.3089686708858287	0.17719922548290512	0.2757941677733511	0.3274286791414317	0.21882668757455503	0.40922178150408783	0.29422507301409356	0.37343908075300103	0.22318789375654235
225	0.3940343633396937	0.10000133783100285	0.10470604980356252	0.27872017140709787	0.35167267403146246	0.05557781107451986	0.20946526977616267	0.40106764864524164	0.41056056272376373	0.31704986291818943	0.23713347999869974	0.29146096146351125	0.28883067449302063	0.08426732075013357	0.22341075238006372	0.38244587319230455
226	0.37121104800443994	0.49841633192071294	0.25168757126376856	0.37848226432261045	0.12473342098496344	0.24452964673257516	0.17821546969785232	0.08540016080481296	0.25810366531480883	0.1344554967304023	0.1848460863009031	0.316995657647305	0.2478640633268816	0.2558496943044812	0.43264518948160136	0.3512233982808008
227	0.24397088353595395	0.27993328758916686	0.25406793820928014	0.20821080739850953	0.23751414857771028	0.2993146249951538	0.2927887286576273	0.12451078140132112	0.18443908541618895	0.36874245469815803	0.1911632979693425	0.19373566102443504	0.3438434248808306	0.20721311429684583	0.47826941844901305	0.13486773402352165
228	0.25924603284008346	0.29578659750788977	0.18801752621235193	0.22464745066531583	0.37252921912740916	0.2688979683124205	0.26662687371243005	0.3454416192377745	0.3714873722204863	0.2739976756682477	0.27294292978894663	0.2727143851572849	0.4366000101190243	0.1320537486832481	0.0977678090133085	0.10671492011127409
229	0.3188917219756219	0.37900614959765755	0.37599345826979713	0.3269843537099739	0.13639832540411173	0.2358658555203435	0.30330994425263996	0.2740778398844352	0.08163797467467758	0.2746346737632567	0.17104844738317182	0.2875193751254623	0.31998284305745495	0.18909225268555696	0.2285829246110737	0.2492461807331023
230	0.13407860963567278	0.3311301813259773	0.16218691393441909	0.21045090177619627	0.24894621376629197	0.3714179227021666	0.2795841875475391	0.13619116066342749	0.2838957380225835	0.3018227710671688	0.31089144144091835	0.12127719959564544	0.24239162978315645	0.30997392449318045	0.332467695287926	0.2358818020349858
231	0.16583452071162114	0.2901633460882636	0.13410205863180663	0.32045100964094414	0.361507072393428	0.24303823564965893	0.2966674558146684	0.42092987625113343	0.3028894573640707	0.33265312073871595	0.2579732415825228	0.17917503493548093	0.3610311356036356	0.08233551410303086	0.15771360838156612	0.17784362048321936
232	0.2735666630125959	0.32416392340091765	0.2650310303731416	0.3070625700109743	0.26424188809530164	0.24677711446834316	0.29388286865481167	0.15271483318859017	0.09023186285277532	0.2850473588649495	0.15550595296999598	0.3237582523815879	0.28764265703752784	0.13436903216098342	0.3209555250226972	0.35986622186276174
233	0.19741650282660134	0.2487406150020988	0.25363654854001505	0.21676912856391747	0.1574809054506141	0.2524614552276607	0.3126275879835614	0.2506173910773512	0.36800931590268454	0.23754616607271498	0.3331514744267371	0.09126127004037302	0.4832013904615264	0.05751797285355143	0.3623237754985978	0.3104550372663291
234	0.44563905553927663	0.2367409808373716	0.10747168076861223	0.30305963824656024	0.28082607815865357	0.047052710436599275	0.1566022500051036	0.4040799162940807	0.5018189105019385	0.24284598041143704	0.34456320563820814	0.23592614775440837	0.3269721104085191	0.145017520684128	0.16925064141138327	0.27154244472271327
235	0.4031267176827542	0.42841170589979394	0.34124259036900717	0.410980527254049	0.21365671532178399	0.018971924485432008	0.1945457281081091	0.3411597029913472	0.08868507919086001	0.23092446680992554	0.17886386799062237	0.2623987128678686	0.30379835656740095	0.2034216389828771	0.3565363343452498	0.34855699455686007
236	0.3292654401784601	0.22245947342970349	0.252900293164022	0.19557069348749884	0.22122582706422653	0.21660042856270795	0.19963782915287212	0.19069092748928668	0.2073490113068502	0.2213847963521617	0.28544187118562475	0.3655713985180157	0.12777331126708408	0.32002767399379195	0.47749893664750287	0.36346657117256226
237	0.2453417556810495	0.20802241246302916	0.26494172601443305	0.20258608796385208	0.43184198173624666	0.10981382293711178	0.16294871747202644	0.3120031947275811	0.4097179449648582	0.19706194194174415	0.32474884065496623	0.2875271300920395	0.49881472571657715	0.14380163861904016	0.2402115172163023	0.3190348569323953
238	0.45648607851585127	0.23784070982217762	0.3463393291832854	0.4947386324579036	0.12403408493634628	0.26000702820298005	0.11382572241898903	0.20533990874780095	0.34364169453612825	0.25888273877273554	0.17993993286277404	0.17678641239143153	0.2970605056067347	0.2672126849080906	0.26401247002700745	0.29959646514463145
239	0.3911361123600825	0.24012685401937042	0.23021197637743965	0.31675312922565074	0.27498957672766916	0.24464648944369613	0.30797148845423467	0.14457879331516782	0.10775635258311907	0.24673899682891232	0.24133391101540627	0.18256396540942763	0.34229453314803276	0.34643405895286167	0.2472300655463013	0.2875055885264855
240	0.34304108001526906	0.4253147686817728	0.10326777914549613	0.19355861723701606	0.345013312730612	0.17843330823499584	0.33107854545444676	0.1698918077097429	0.2650372039680716	0.20700457289490506	0.311053387410962	0.3242807995517268	0.25065539996632724	0.18840274365397408	0.14758093491825752	0.3497798129727881
241	0.3717570312411023	0.3580504885716686	0.26851417241155984	0.22931582217303875	0.24104339487282417	0.22948388019466723	0.23233629376644524	0.2678750729610024	0.3198108352259967	0.2867082911934666	0.18316987338586962	0.134988581092576	0.18262945230236052	0.2485171783310412	0.188275409408576	0.41684664595382714
242	0.3664079285474819	0.2578116799747092	0.3454375389014968	0.18258738663301755	0.30763275050584493	0.3136735770045446	0.3015810889991716	0.14020229132383277	0.17467545681580143	0.27602269839971644	0.1804650102608326	0.20192169122813888	0.2248477036794918	0.26326670745749253	0.30833393668849635	0.258436674686002
243	0.2551358034695694	0.1960001837731108	0.30372557361184044	0.3204100267466829	0.24500338849856887	0.2821895810721769	0.23932386376405976	0.37152978968583444	0.34601704832487173	0.25170695792792674	0.2789209457335608	0.24263832842324878	0.3184381987329395	0.1425980550115336	0.06272170988757847	0.30968553806732846
244	0.3028685212553635	0.2192344977776116	0.3249473936036519	0.2962205046161326	0.09318299296546144	0.2634665736177621	0.1709250339538365	0.4541027999700866	0.168632396861526	0.2299422335475847	0.24223113830259438	0.2393304777295095	0.290771528413093	0.2679583199298285	0.33294929202738227	0.34784876732693415
245	0.2961884426914579	0.21644177306457865	0.25036540461405743	0.07499648606373101	0.2181081646595491	0.25802133017644063	0.2829002000296625	0.19121122671029026	0.1063172317050282	0.2956834671134361	0.37576083259190646	0.1656266213492759	0.27222248748572964	0.2450816519640045	0.3859496134532418	0.4034180404157111
246	0.272570681472804	0.21180094015641804	0.08035530269679825	0.2632374829591434	0.4533731838386548	0.22639693779088463	0.20055402393969632	0.20159602813351396	0.35107016459293783	0.2998356220058628	0.3655165545406566	0.2972642962935724	0.20337105011518228	0.09154988773104489	0.17844098385064577	0.37221838319257183
247	0.21305394590030224	0.35434941714525076	0.37422204098944273	0.40591929314306774	0.15668977074348614	0.18418548241140362	0.2523739501057711	0.316151403217548	0.19263178122908714	0.2590999946775633	0.15513281081202207	0.2155969729719133	0.23483547823751103	0.33108525926645704	0.22263020474945458	0.33810220025685545
248	0.1852906199046522	0.15339779156928782	0.16895205097842347	0.26838082156594933	0.28000070316596054	0.2082429122942776	0.33996185565174103	0.20094123012706244	0.22902919063313715	0.3036522491983745	0.2326741702212587	0.17242688489424374	0.2731247428658105	0.3489998391782482	0.32578749857219325	0.3252677525471018
249	0.39522522908241603	0.1933072809918063	0.21318401670747358	0.16214163077767085	0.27960953063010763	0.2526962724361199	0.23256667722220906	0.3112481379242152	0.40243141167823004	0.25440331043828573	0.18835618775481258	0.3020491568409442	0.20284471657146094	0.25526375289868924	0.2354922201994702	0.25906766247777224
250	0.40289864990652935	0.3879791322228397	0.223006976062512	0.3290015786851342	0.12866906204030462	0.27594597880149013	0.2913764358120418	0.2211777021013462	0.2544013471790655	0.167638351836115	0.21413604127337157	0.3143180204932622	0.23780016728041256	0.17447560527107686	0.30326186282315587	0.29127893011949463
251	0.3776505761946187	0.22864589708898905	0.19929928160704605	0.21036130296301658	0.17165661721617262	0.2766859835556599	0.3091763084209688	0.11994521336835433	0.15889909345931882	0.37307438871965853	0.2825106760317598	0.1365581109999343	0.4682526264599159	0.25617271637649836	0.19409260628954556	0.29685620576118
252	0.29664533747561045	0.2846827305843762	0.23499786990904423	0.24852733990289905	0.31310810373784953	0.26702670673704615	0.19850750028841418	0.50306849558188	0.31915318115843144	0.1833806417315706	0.3451037681444028	0.25257563123242904	0.21282651301484695	0.10081203328951574	0.18788903032233006	0.26614408399530665
253	0.2827912699906286	0.2510794422375257	0.26224399112229657	0.3846493476461343	0.09232396659106948	0.23663036517101166	0.2623442883675603	0.15171424922612373	0.3142283976639646	0.21969315069195652	0.2801394063240773	0.16248762640206674	0.48127781790853286	0.15264421936672923	0.2554515497328034	0.48308347911205785
254	0.28734820748405515	0.13893385539071712	0.42481547316651597	0.22996444531496418	0.3342493347507093	0.2024898841073679	0.18697374784169887	0.13201241602423167	0.24433651573751314	0.24915801023038933	0.33312037616407353	0.21570263791084252	0.18704142250928982	0.31445234543482453	0.27930944507084765	0.4048380741043212
255	0.3225092595939909	0.12402410672035107	0.31449226363965566	0.32335924445791014	0.2348403808882396	0.12691932543630438	0.27671064951110647	0.2962879249802857	0.2866122567149198	0.23512868914452242	0.32065103270042766	0.3345388568839113	0.5382080854758807	0.02193298456876651	0.1331266471671928	0.4202564845216669
256	0.24590277495991109	0.4294890804588999	0.20293101423013146	0.410504687017299	0.1457410860814302	0.044142431098416736	0.20311920996338348	0.1764107725204878	0.079684227993493	0.3121984068873782	0.24142127482354653	0.36262474164714736	0.35379615869848735	0.33847357452252974	0.3395406645880965	0.34853367669326085
257	0.0886889087712855	0.2979809940842592	0.25298164919050853	0.1642329509706381	0.24355073494320212	0.2996733306866192	0.26526166266645107	0.27194259709436625	0.3232613886454528	0.21917483388623207	0.2898298888443114	0.14410162690383915	0.6271022301503602	0.2176016622325327	0.3287889854007381	0.22860811418757476
258	0.28033893546449457	0.3153236723304331	0.13411617618970173	0.4147155484515279	0.2915397111656146	0.19322821903156734	0.23467245987887927	0.30126353152236157	0.330569055791243	0.18672464237017225	0.44233587096989324	0.21698328091151048	0.2920837789957324	0.15413250488008848	0.13526544999294327	0.26957753055845646
259	0.49713752153101454	0.1572320346254985	0.25824896859915464	0.276982553574808	0.22330575093984228	0.2296541336739759	0.22598215066941157	0.08385037388070586	0.1826768843902344	0.24846679571505934	0.29072340955731096	0.23619363023493942	0.3082526194894474	0.2656613364770053	0.2772093337851542	0.3768309448668372
260	0.42565147219845617	0.05090117273052845	0.4432911055786735	0.2722637404034342	0.16237292353631028	0.19622387552590953	0.29148179125352597	0.2438305755332766	0.2815232525235185	0.21046344463152475	0.3141979731850049	0.2572231172692492	0.3438938438887055	0.3277610099788865	0.24386362063636075	0.1269908550929864
261	0.4063604924689535	0.23379522047868706	0.09545788609424502	0.3863248733542934	0.2293637143657553	0.023766121505356577	0.26796132269627854	0.27446335542611544	0.33961295604845076	0.3259308411530495	0.22823900291546	0.36451737892773634	0.28304235637837133	0.06902462422058352	0.2297880451879459	0.3444953449338628
262	0.3084804255927832	0.3049935411586654	0.3044063569571798	0.3540555199839837	0.11430045398286375	0.25027593425407574	0.20033412763319072	0.12929326667278487	0.16913262485252328	0.2013122846322744	0.290622421581299	0.1938967453257907	0.4021037600412889	0.33049447145495964	0.2912616913888626	0.38509782619099653
263	0.18483602431506968	0.40993260335801085	0.17975720525215688	0.18240282940491498	0.26988923601139686	0.26259433876981414	0.29875647133590383	0.1646538716879225	0.3095707828435371	0.2876748817244979	0.24555666232481582	0.17266830628408114	0.20182355391626838	0.3787332910599566	0.23616921753918083	0.27619035006992276
264	0.32397652908341834	0.16077105738197817	0.10453795587587242	0.3822995162901774	0.3046915877492634	0.20461738694581103	0.365078487310116	0.4034419368874842	0.2824594273193853	0.2123392476062752	0.3241182357254107	0.210246924919149	0.06419260665542702	0.17403066206172188	0.23306491471809548	0.2614965578314641
265	0.2368851847146086	0.2573220703866642	0.16832624000764013	0.4141801731205549	0.11024727475457793	0.1400939871931917	0.28995724299734943	0.1597469461786937	0.275366686222782	0.3257711146493148	0.1685445497701383	0.30788640321627453	0.20932458114253444	0.2764775359356207	0.3718993882933806	0.3517291150462463
266	0.21707423515337249	0.14167649381154393	0.19730125912484014	0.26107266816676616	0.13888360642635195	0.26118182326984807	0.4091368672433755	0.10550868533095478	0.19634453344776137	0.3089844381011279	0.24919245134939125	0.2540714288820085	0.4975414129022016	0.19263574840264422	0.31295981984189675	0.3007676217643415
267	0.3211776076933664	0.24084307894793594	0.16770096205255824	0.19531515344210898	0.19998362598061079	0.31004580010837723	0.23348288514097137	0.25519959769377315	0.23521869470195714	0.3910556943655837	0.31454369477279615	0.24221380185735286	0.46447402578432334	0.21474666356839564	0.13229058972618785	0.20871993130803648
268	0.23918120509306878	0.3262328818428347	0.33176745340572744	0.24358961188702352	0.30517780493690067	0.2716876203805729	0.3421987046118872	0.2964156894563906	0.1073788762063534	0.24007594360296514	0.18444822782266732	0.33103343237639543	0.15270962438322006	0.11712498702501291	0.31792742003609503	0.25116193276634946
269	0.2119205250578606	0.16440384198815602	0.15092493411889168	0.29359074872941937	0.1860670186085279	0.17732337691085553	0.33394786931674	0.19055914491686757	0.2628420168573164	0.3634873992347414	0.27515666913762954	0.24759440202971583	0.40658403296122364	0.26078087783806914	0.21976527680633987	0.2697243394966068
270	0.3100394936927779	0.20481376925844183	0.20647456771984887	0.26756838841502467	0.2972013865050331	0.17977882203214132	0.2554205153013938	0.34580598913291927	0.3148047784101043	0.26116766373933037	0.29011818147506685	0.19088144948470046	0.4097387068911378	0.21308713952694192	0.11505653470372867	0.3347180149659237
271	0.3446848720575972	0.1646080897963668	0.3071255417868369	0.47284869463260343	0.17379763661213887	0.23067524717767296	0.17120357140861486	0.3890230706331271	0.19232861736246315	0.25749725272089735	0.19264503153015264	0.2149344753478549	0.17572151586343504	0.32296840119319337	0.26766668626240764	0.3361939465046975
272	0.3223773191583498	0.16219647545728338	0.12553201344053613	0.2665039897207443	0.28321018213364624	0.30206637559267147	0.22592389790101497	0.18494620439617532	0.2566910491019586	0.2227193730263876	0.2136260108244342	0.21383701145135464	0.32555907470017736	0.32942155844335963	0.38191573353304964	0.37964545926064397
273	0.4978543913476614	0.25257698027326775	0.16125221097673134	0.24782657097546412	0.403612633636073	0.20538917236583196	0.1953868409291899	0.22449714414878066	0.15645053948337342	0.2974125124869286	0.32509864273992906	0.09910787264027257	0.3255391343345187	0.21386888043733682	0.30780711726839305	0.22152836677632115
274	0.3309221736455091	0.418455789738912	0.2714521061955521	0.37867802183864196	0.1293584827065751	0.29928088723793	0.2504574641619486	0.3143791430745694	0.22586647568034993	0.21476645433845	0.1770720706804823	0.4521054219717266	0.033822981614419594	0.23456711619385148	0.2628419030862685	0.1828227689948845
275	0.13559372579590964	0.23663984850170727	0.21086107806249973	0.19424510626282362	0.2022801903371593	0.21466119779411486	0.3879884453971807	0.23136951612317602	0.34374674530220406	0.21468666381299684	0.24570070741513897	0.1593059245956159	0.379914444519201	0.29311261196463456	0.2776181364732978	0.37513965169861896
276	0.28464060661473867	0.10906727064745787	0.11016349917839598	0.46879172526998103	0.26162369259796014	0.19353183577777838	0.2091794275327096	0.28612299426781734	0.1827212422750083	0.31532242361683344	0.3969765790046203	0.2670591036360861	0.4056399980920106	0.08209219452308346	0.31730310950079477	0.2222302520056863
277	0.2513172516027438	0.2506652402613107	0.27294407194140496	0.29634498403942106	0.10100525558157679	0.2795226931504115	0.10573498572103142	0.4027445526714494	0.1383036126530245	0.314515262605601	0.27309585248751683	0.269756982053328	0.35011034476854036	0.24395505683287028	0.27919394695140703	0.4342285126993918
278	0.23999649176699078	0.06107883164435872	0.336008116621794	0.1521716983592613	0.17431478015369428	0.3867106206867829	0.2768110676424325	0.29673681675583297	0.165374967383454	0.18644749069246183	0.2753080908595439	0.2641533879387576	0.45161191240579035	0.42706829453449674	0.3501415734297952	0.21961597259185434
279	0.19249290109607062	0.31754437251009204	0.12628005865792633	0.2830469032672532	0.37446441030006866	0.06273525907324977	0.28166033285441083	0.3318536318570338	0.33056485449461576	0.2678933480317251	0.24622917213052087	0.4054127190755895	0.16166862863270048	0.15602783872032924	0.3124102411173673	0.2711402969369172
280	0.2249865760819708	0.24772346214150562	0.3148918254315891	0.32023333415428806	0.2531137767055338	0.1120598537108553	0.2495104356907171	0.2047977872818166	0.23590889498813677	0.25259179305015106	0.20188413255211082	0.33340502613833145	0.30857542556851214	0.19548323196361325	0.39265876628932117	0.3629859360969101
281	0.2666232284071226	0.2202342715445681	0.2829413083985781	0.23086579255620807	0.16149533003741393	0.2609763970423416	0.19132581702734844	0.2098765749143869	0.2587680651591668	0.34810934839278884	0.24529005295697903	0.25457455962810305	0.4712399245459617	0.18298536784091968	0.4055321284017295	0.21469805576642506
282	0.2849720068590533	0.2709893685444924	0.25763612196755076	0.24650107648017	0.4229312542105623	0.24449542621309048	0.19927838069252363	0.2677199787043849	0.34486820306198385	0.2358531308430592	0.19872968289923532	0.31053861313739234	0.3655967242906711	0.1730463304774567	0.17050672650469761	0.25484444184249355
283	0.3072700642261135	0.43143927746399013	0.3949367303042251	0.2741825246373693	0.17503955160146517	0.1661705062249877	0.2590973253791828	0.33632194454350706	0.273750725328307	0.166625436478762	0.04927678163701535	0.4355902067198913	0.280137380662969	0.22873451974680692	0.3239182719364315	0.23214072508158723
284	0.292278714457986	0.2038666296593582	0.33424686730056635	0.19979463667399544	0.12938980550649565	0.28609622169468263	0.2523998680593076	0.23745961748361774	0.19678748648473068	0.1709822300540157	0.45631743932777524	0.19984387331971062	0.34934395110014677	0.21824381716119576	0.42679658733550396	0.2659657365292498
285	0.2835102063907503	0.2495554980377957	0.0863279656684357	0.25648163454459216	0.2403093655783314	0.33589746601759424	0.11591307507691803	0.20588523200673178	0.39057428418711054	0.31230167247293056	0.37947446937335316	0.3697348993350133	0.3364303186959732	0.23302719480814105	0.13317334516707413	0.255087870217687
286	0.4402077803337675	0.3355468921593739	0.23938832907907995	0.21404050945987088	0.09491074647465364	0.27474738926388975	0.40103994229522627	0.2942186226060736	0.22951801580111109	0.15303767601220622	0.17692445175143806	0.19568888233443585	0.38565116331190713	0.25902160092180526	0.25288730827325945	0.23015390678688546
287	0.3465290458563967	0.2598600632634913	0.1760141866415999	0.31882176754237596	0.20375593087697	0.3411023831134422	0.1616912428061697	0.3059946628543633	0.24162378267112639	0.2858599281643656	0.2893633033225895	0.3243772650065115	0.1928829199709845	0.27768681169036963	0.27183103954645427	0.1787115399307602
288	0.40181811444078697	0.16638772987242192	0.17483996926686515	0.21843139015130944	0.34804782457957206	0.2513984855861031	0.2211246295801737	0.39988520083987694	0.27417600303163986	0.18325338697885493	0.29562461772608767	0.13512532097301158	0.29627123444341824	0.30572099058971786	0.2879169698960745	0.240100661990129
289	0.3487326781519579	0.2625568436246003	0.4040932391973342	0.313643554571751	0.13653190157130346	0.23609339476137958	0.2417329434424206	0.25129895014535286	0.2585869055385122	0.19839414571040104	0.3221987032124914	0.23260725868096052	0.3091152462425671	0.2355056928287377	0.25718490494054425	0.21532591692766725
290	0.31570810676114386	0.19658332805299789	0.2563482804753308	0.25475099701817294	0.21917331469411264	0.25640358017622383	0.1742128012783422	0.29720429296581535	0.33966755547763994	0.3631898791527071	0.24434131309680593	0.16635592873912775	0.34597497797618537	0.2047779737525332	0.329467546206316	0.16350564557979444
291	0.41067736297219576	0.28100418801470184	0.2219132889339999	0.26005707498591213	0.433006527902162	0.1954848467672888	0.2667490190309111	0.23184034943485318	0.22521922809671685	0.2538205916765142	0.26925168354438145	0.1822224628174719	0.3497336667576331	0.14696597271896852	0.26735524343942185	0.17138440655335244
292	0.37416451829001707	0.35616955423506125	0.4444012288239921	0.2462118936319918	0.28020917443108956	0.2508012243391944	0.15493091166570933	0.26458840042202814	0.28030332904066085	0.21808248065361124	0.29693373771013304	0.28164540386372966	0.2978322113219706	0.10222500987957328	0.24564878240713475	0.23693947732844223
293	0.41204947349651044	0.14777196432534595	0.32026167794982524	0.33333878880178497	0.178559594187279	0.26925085995939596	0.23552432676056176	0.21308580300828664	0.25435885441056116	0.2772015144935936	0.22286286816176357	0.3005231848089147	0.34744471661873505	0.22196129444606458	0.29065479976675074	0.19329649563512663
294	0.36604709357919746	0.21725228308798727	0.21142681652421622	0.3153916300387388	0.28028021057197905	0.14197091989997843	0.2687004008673534	0.28235692615813573	0.2382480105890318	0.22232524560389016	0.3262897546211209	0.2630241953898447	0.371066764863048	0.1761445738791973	0.19738078010883153	0.33790478706804367
295	0.3103334644785135	0.2563069910329635	0.2022676086719443	0.45549905618506004	0.16378761852626217	0.20520806567622585	0.19167800871719753	0.21596009438475153	0.23592967548932794	0.24898258861911698	0.32158867472222147	0.19694010523808603	0.25125560997922625	0.44171376986094774	0.1681640567945604	0.3477077437373334
296	0.2851133582343725	0.32299629295045207	0.16303837164963655	0.18045516366102238	0.2886803669293135	0.2673853850733524	0.3033844399868367	0.2426744853562564	0.16696263778014606	0.25929646834592646	0.18062069898676406	0.23543117606629385	0.275251666030973	0.25324028831304457	0.3521297181538391	0.34975962798808446
297	0.25736649915360016	0.221921589424949	0.3048222684048975	0.2320129246530525	0.309855962830884	0.19034826048048945	0.2109506746400692	0.42612212084636714	0.2633818180918889	0.317344833711477	0.18083222457297357	0.21786237299160574	0.3863669853111291	0.23510853320026695	0.1477449794860733	0.3160241564567826
298	0.30797943625708163	0.28341752346391696	0.2759336960328381	0.3084488955110832	0.26721370412612727	0.19345425241368872	0.25652801725401775	0.317740025340872	0.26021995093767086	0.1841431427987216	0.2633514815688241	0.11047627675913235	0.2914980099691954	0.38350988147429543	0.21317421362062683	0.31151017210469334
299	0.27689342365268543	0.10561454269545627	0.4284485416304018	0.3112054130982774	0.33159166613718133	0.17544162739703253	0.26045074333977314	0.19457324989490496	0.3275870525885934	0.29462176886598274	0.16808373202357796	0.17772338779212346	0.15514770975976586	0.32367236553190176	0.35427090126382504	0.19478241498072663
300	0.2762224583680909	0.23868780864801048	0.3087226491750868	0.32909986959010906	0.30379060489011955	0.16934633372263852	0.13391625507902472	0.41941870689492633	0.40836162330037834	0.2435856538704003	0.2744321287004764	0.2350311453145656	0.3710967860128204	0.08431009150351146	0.2686745678130461	0.21100739725408896
301	0.3255854681925805	0.278971551125375	0.39263868116145906	0.34208340373581614	0.1349616022518347	0.16843824911078462	0.24803344081528217	0.1806095887938131	0.10463375373334118	0.23925193866740693	0.21247123426673548	0.38174392542746766	0.2862074076825638	0.1299376815422631	0.38664995019133597	0.3882157458669109
302	0.18335053814806088	0.11303711700093351	0.27579919485202903	0.25173129175021863	0.12812247969333276	0.11627074155281454	0.38889962116406834	0.055552148153717215	0.3260324412538824	0.30678933139060693	0.29730672952139675	0.263606448027192	0.4289892819738989	0.21495272572397467	0.39767147872576714	0.28688742859686966
303	0.29211989351711465	0.14304161724817316	0.2891786031673867	0.25649484659900573	0.32746463993766317	0.1503454405943229	0.14031588452993937	0.26707155838641616	0.34991274578336007	0.31946853010514603	0.31032318689118166	0.44929382617516395	0.3874127990871428	0.1545596870054832	0.11275601874869164	0.2736433585671985
304	0.39717642616958876	0.2210488038298415	0.27281867087788475	0.450438698763704	0.14881789836811454	0.2629791098494625	0.23861646894582045	0.16359457537725725	0.1647699325581382	0.2167983491015907	0.16109304722067302	0.27846833172791774	0.4551762416450372	0.19715193985327903	0.2705780483023965	0.38301478316542015
305	0.29631309842807324	0.30261823863608855	0.3019253085393359	0.2122538660019748	0.2323914538495997	0.15044404911160333	0.33923574028330616	0.0778322587449811	0.28234415776368743	0.27165373328374676	0.2606664455857059	0.05691115520338173	0.6505678873586095	0.26415789088591424	0.22182062803857455	0.25746553356498825
306	0.44496986420461176	0.2954159195137641	0.24994508376766297	0.33042671963326153	0.2715201137077453	0.25139795148171223	0.2059691441476027	0.28032078551395007	0.27661434449033534	0.2710028568425257	0.33292325148283985	0.2839267021971645	0.3470318878299425	0.07347117310830094	0.0797078348499382	0.19547632295891232
307	0.43527893074086366	0.22246748995699703	0.24847580392324142	0.42512422584367726	0.19809516952095904	0.24775733138501232	0.24152194855525946	0.21716422928115353	0.17734080257674525	0.22851448273844754	0.22731336947902955	0.21966955469776803	0.28234884198164417	0.24229744955518262	0.31693110818840114	0.24665404036256677
308	0.1532869209250865	0.2612438063322443	0.5000439902542608	0.21336818398644736	0.14788286365965309	0.29428468133075314	0.27241478153387183	0.20602194639266191	0.2708277338129378	0.2881549337215136	0.2676269847228848	0.1657858497893649	0.20910454632312747	0.29786601868087104	0.3599670328858192	0.22905178055860717
309	0.24690650965336938	0.2336287105679991	0.07491178078543144	0.20919602024507764	0.2890194529631087	0.30195860401008257	0.23324517536610168	0.3545487009631873	0.2661153027062044	0.28881711290263007	0.4370815775039423	0.3230369035969931	0.23647986352122044	0.1352778769246343	0.23099313071623587	0.22177747230817316
310	0.30514066879442003	0.09064829851446457	0.2560779903968606	0.3923559629480803	0.35789196913273413	0.333946013718472	0.19302840655406656	0.11644223568231044	0.18841979367305997	0.34671053103061544	0.07768297084374107	0.3414987714789105	0.2379432974458112	0.08330453683884324	0.3872973369587455	0.3510661541352879
311	0.2649464081265663	0.3276435942125477	0.3151520486759477	0.21560384146106729	0.16072006656914142	0.2894308461432656	0.21429830371561315	0.354610322802149	0.3159395580856219	0.22791190353276145	0.2504611273901479	0.0852597911675306	0.3068959271652777	0.2693680624617083	0.4285003478948619	0.21736876974912828
312	0.339108840361405	0.31348117301359973	0.16159825608428396	0.20435925826923426	0.4244963886899897	0.2040806092024945	0.2126422840799987	0.26586932393455415	0.40707672052818966	0.2517636447350702	0.24729088906264113	0.24872441179131247	0.3601877983321657	0.20665120596006106	0.15843136984617545	0.225387987279068
313	0.41107809271117923	0.42990989598321766	0.3520036090890769	0.3494459890644415	0.06101471198077551	0.2571831926165861	0.3153827305538934	0.2848878838966098	0.18672640867954893	0.15708146736737752	0.284856881491317	0.1827748742444211	0.27993935224504723	0.21719293960802152	0.2053727637361525	0.2651563559557723
314	0.41567689834595434	0.09150969789191842	0.2329047283580225	0.14635382687370355	0.30452574613913513	0.2896362305628941	0.24929012338327683	0.09706929395696326	0.138573611673219	0.3277113754282512	0.3080017757754531	0.36773895078119984	0.3678049964560285	0.22881283269724206	0.32511369204969137	0.19676129536169357
315	0.28797792453530957	0.23056347718400538	0.21409888275399558	0.409852885181646	0.26766836702696833	0.17826815512707786	0.2482849828993817	0.36338287958240734	0.11331303951318943	0.2890798423098099	0.37152072167801375	0.32457913925852466	0.2386609246211815	0.10743597129658927	0.08545487525380464	0.38038988422426206
316	0.27195785471346434	0.21897604129981635	0.23965940037547637	0.1655698704827248	0.11130860803108043	0.2782283682285232	0.20519938177590397	0.2560173108682272	0.11188422079898658	0.30096057476298677	0.12863353599820013	0.38810234615120476	0.32380690190800804	0.37409640146482825	0.3889352147867826	0.3778670594817933
