,Cutoff,Epoch,ymin,ymax,mean_spearman
1,-500,43,0.0363369716680407,0.0425748826335749,0.0394559271508078
2,-400,50,0.0375109200949842,0.0452787747305911,0.0413948474127876
3,-300,65,0.0407146896022235,0.0450242162071213,0.0428694529046724
4,-250,60,0.0414236837855972,0.0462047801858967,0.043814231985747
5,-249,62,0.0425456067168353,0.0489648332074308,0.0457552199621331
6,-248,55,0.0402657717093989,0.0467071817282777,0.0434864767188383
7,-247,55,0.0431429703129808,0.0488654674272831,0.046004218870132
8,-246,48,0.0396218460945983,0.0472205917574666,0.0434212189260325
9,-245,48,0.0430955140800655,0.0484026509695108,0.0457490825247882
10,-244,59,0.0440658126005518,0.0464175473193011,0.0452416799599265
11,-243,44,0.0449933571552642,0.0502902129455479,0.0476417850504061
12,-242,55,0.0438438355300153,0.0498997020276111,0.0468717687788132
13,-241,54,0.043366540486543,0.049672122436495,0.046519331461519
14,-240,66,0.040762315659401,0.0491499481338986,0.0449561318966498
15,-239,57,0.043122712940155,0.0488116229910687,0.0459671679656118
16,-238,54,0.0403138928689406,0.0476341257149706,0.0439740092919556
17,-237,49,0.0433974546799717,0.0491812695288377,0.0462893621044047
18,-236,56,0.0405987182643899,0.0444136123292143,0.0425061652968021
19,-235,56,0.042982547235982,0.0482717737653514,0.0456271605006667
20,-234,52,0.0416007194077987,0.0468753739004084,0.0442380466541036
21,-233,59,0.0412145311843167,0.0493458049689671,0.0452801680766419
22,-232,54,0.0398018422482187,0.047606690967853,0.0437042666080358
23,-231,55,0.0438506350851307,0.0480124246913882,0.0459315298882594
24,-230,57,0.0421435701066442,0.0465109573670526,0.0443272637368484
25,-229,51,0.0424057099506971,0.0502815663746756,0.0463436381626864
26,-228,52,0.0406486264390469,0.0477885789762467,0.0442186027076468
27,-227,50,0.0434421941008336,0.051024367863695,0.0472332809822643
28,-226,56,0.0407304580368554,0.0479381592436702,0.0443343086402628
29,-225,46,0.0434635212051817,0.0490227627548643,0.046243141980023
30,-224,50,0.0399051514676523,0.0489626424040623,0.0444338969358573
31,-223,51,0.042634331798783,0.0471175997719593,0.0448759657853711
32,-222,52,0.0402209018599793,0.0467840785297158,0.0435024901948475
33,-221,55,0.0397813652842542,0.048031701440739,0.0439065333624966
34,-220,56,0.0385190060024804,0.0451128731748766,0.0418159395886785
35,-219,53,0.0414714014328149,0.0494191774114531,0.045445289422134
36,-218,54,0.0406476666632655,0.0478805742932119,0.0442641204782387
37,-217,59,0.0439608886146523,0.0494513186240355,0.0467061036193439
38,-216,57,0.0412489374663263,0.0484985570563268,0.0448737472613265
39,-215,58,0.0434773644750829,0.0480063223049304,0.0457418433900066
40,-214,65,0.0400102229221297,0.0475714253291573,0.0437908241256435
41,-213,61,0.0406020211586341,0.0503461404258686,0.0454740807922513
42,-212,56,0.0386283284873719,0.0489114360608369,0.0437698822741044
43,-211,48,0.0427517586633646,0.0495647571532429,0.0461582579083037
44,-210,56,0.0413414618697138,0.0474126015899933,0.0443770317298535
45,-209,55,0.0426851097241308,0.0487584627366695,0.0457217862304001
46,-208,59,0.0393905263203471,0.0480597307269703,0.0437251285236587
47,-207,53,0.0428551343220527,0.0493919145617729,0.0461235244419128
48,-206,52,0.0420347051342825,0.047577738946834,0.0448062220405583
49,-205,51,0.0424350405953895,0.0477376529330904,0.04508634676424
50,-204,61,0.0405947185217569,0.0455530450524663,0.0430738817871116
51,-203,57,0.042672978043781,0.0472928042858972,0.0449828911648391
52,-202,57,0.0408063009451325,0.0446074821331774,0.042706891539155
53,-201,50,0.0421426440882211,0.0484689441350108,0.045305794111616
54,-200,53,0.03919561961985,0.0458053309229314,0.0425004752713907
55,-199,55,0.041777295598139,0.0487235695634933,0.0452504325808162
56,-198,54,0.0416946116100396,0.0481773586139047,0.0449359851119722
57,-197,60,0.0433023959555344,0.0487298517371265,0.0460161238463305
58,-196,51,0.0402576747977437,0.0462400905257723,0.043248882661758
59,-195,59,0.0420774794411277,0.049079556258831,0.0455785178499793
60,-194,51,0.0390551537167401,0.0455570627138653,0.0423061082153027
61,-193,55,0.0432437773952913,0.0493918994306505,0.0463178384129709
62,-192,52,0.0409070226159993,0.0458674788024032,0.0433872507092012
63,-191,60,0.0436410682371372,0.0481662339904209,0.045903651113779
64,-190,56,0.0409072542494299,0.047890988060784,0.0443991211551069
65,-189,51,0.0425386803817018,0.0475454577134742,0.045042069047588
66,-188,58,0.0384653503444309,0.0446694443579106,0.0415673973511708
67,-187,58,0.04263587977705,0.0461343466315297,0.0443851132042898
68,-186,54,0.04084080494315,0.0462737032329751,0.0435572540880625
69,-185,51,0.0407216786182465,0.048672638940386,0.0446971587793162
70,-184,53,0.0406201395586325,0.0460669505126508,0.0433435450356416
71,-183,52,0.041873341495825,0.0473999176847497,0.0446366295902874
72,-182,57,0.0414945660738103,0.0477680912319628,0.0446313286528865
73,-181,48,0.0425253789253197,0.0458727845175659,0.0441990817214428
74,-180,56,0.0398566143704013,0.0456133599722977,0.0427349871713495
75,-179,57,0.0425862455099891,0.0457150585520997,0.0441506520310444
76,-178,51,0.0392959612222935,0.0456229734133377,0.0424594673178156
77,-177,50,0.0408162003777331,0.0482542170262169,0.044535208701975
78,-176,56,0.039496845051375,0.0464572356933325,0.0429770403723537
79,-175,54,0.0402265050990812,0.0462434971623497,0.0432350011307154
80,-174,54,0.0398508736660451,0.0444086745733973,0.0421297741197212
81,-173,55,0.041542993387121,0.047656183331912,0.0445995883595165
82,-172,58,0.0387147350492937,0.0450479029880478,0.0418813190186708
83,-171,53,0.0412865552234156,0.0477826843911189,0.0445346198072673
84,-170,56,0.039314139843587,0.0435031176659064,0.0414086287547467
85,-169,47,0.0407836302593407,0.0470517364956529,0.0439176833774968
86,-168,61,0.0394488129719449,0.0442542603631247,0.0418515366675348
87,-167,61,0.041482912935443,0.0465089602892217,0.0439959366123324
88,-166,57,0.0409679882940681,0.0444528042543932,0.0427103962742307
89,-165,62,0.0404378636984315,0.046438950412653,0.0434384070555422
90,-164,53,0.040745449719204,0.0454810374080886,0.0431132435636463
91,-163,57,0.0418727014759268,0.0470683201993929,0.0444705108376598
92,-162,52,0.0389331060066065,0.0439642527905368,0.0414486793985717
93,-161,59,0.0429465974970326,0.0466467763553945,0.0447966869262135
94,-160,63,0.0381812060553933,0.0434453834877245,0.0408132947715589
95,-159,46,0.0400700552923189,0.0474926602726385,0.0437813577824787
96,-158,62,0.0411573835553342,0.0445066996594236,0.0428320416073789
97,-157,65,0.0403125974488313,0.0457934149689955,0.0430530062089134
98,-156,61,0.0385218229646753,0.0440630765227155,0.0412924497436954
99,-155,62,0.0389403399789279,0.0471220489084969,0.0430311944437124
100,-154,51,0.0389214263086866,0.0445283345686474,0.041724880438667
101,-153,59,0.0420606377972577,0.0487532047926911,0.0454069212949744
102,-152,56,0.0401157483164787,0.0443453121737261,0.0422305302451024
103,-151,59,0.0393149117861867,0.0476667826366416,0.0434908472114142
104,-150,54,0.0394477029975507,0.0457561101484657,0.0426019065730082
105,-149,45,0.0388931554728531,0.0458947953685163,0.0423939754206847
106,-148,58,0.0393320169691607,0.0457492348493014,0.042540625909231
107,-147,58,0.0416902182831773,0.0469962958489158,0.0443432570660466
108,-146,64,0.0387554065743708,0.0434217043095456,0.0410885554419582
109,-145,52,0.0430099363071571,0.0463244321015795,0.0446671842043683
110,-144,60,0.0367107116973481,0.0457094853809171,0.0412100985391326
111,-143,66,0.0407231801873028,0.0457303072602785,0.0432267437237907
112,-142,60,0.0396086863293832,0.0440748192875813,0.0418417528084822
113,-141,60,0.0402729525838893,0.0461045562441126,0.0431887544140009
114,-140,62,0.0373904115451609,0.0435190625694932,0.040454737057327
115,-139,52,0.0401527980431606,0.0458278299498562,0.0429903139965084
116,-138,49,0.0378945196004126,0.0422263012743869,0.0400604104373997
117,-137,57,0.0405285147135281,0.045247515184123,0.0428880149488255
118,-136,50,0.038780739516251,0.0446273313418556,0.0417040354290533
119,-135,54,0.0400745448997321,0.0450637087991271,0.0425691268494296
120,-134,55,0.0399223928725645,0.0438253570853608,0.0418738749789627
121,-133,56,0.0397948876137592,0.0446755240771509,0.042235205845455
122,-132,60,0.0388902551301313,0.0428558468542173,0.0408730509921743
123,-131,54,0.0395077111028571,0.044565508902925,0.042036610002891
124,-130,49,0.0388305846512588,0.0417347411164893,0.0402826628838741
125,-129,51,0.0393283514471788,0.0456159030847377,0.0424721272659583
126,-128,58,0.0378999863734845,0.0442740411301735,0.041087013751829
127,-127,56,0.0383011630626421,0.0460557597130674,0.0421784613878547
128,-126,54,0.0384720810867714,0.0436641911965383,0.0410681361416548
129,-125,55,0.0388595231021338,0.0457438204309817,0.0423016717665577
130,-124,58,0.0360916856913704,0.0410576172825332,0.0385746514869518
131,-123,51,0.0389655574792427,0.044296555749286,0.0416310566142644
132,-122,62,0.0379675200594122,0.042112243410762,0.0400398817350871
133,-121,59,0.0386220968004535,0.0463164950411926,0.042469295920823
134,-120,54,0.0379462427966698,0.0428634703305638,0.0404048565636168
135,-119,51,0.0382467320440468,0.0444866295520207,0.0413666807980337
136,-118,49,0.038154501254581,0.0423014442370409,0.0402279727458109
137,-117,48,0.0379276075577433,0.0444072047359862,0.0411674061468648
138,-116,56,0.0380295349621126,0.0425880803055202,0.0403088076338164
139,-115,54,0.039205650417784,0.0437428521389367,0.0414742512783604
140,-114,56,0.0368074709324591,0.041900832049824,0.0393541514911415
141,-113,50,0.0388757048129672,0.0445130379918207,0.041694371402394
142,-112,66,0.0346654977772457,0.0427837231023019,0.0387246104397738
143,-111,57,0.0357535863782587,0.0438145037673666,0.0397840450728126
144,-110,57,0.0372859331117363,0.0422922751465518,0.039789104129144
145,-109,50,0.03825027540035,0.0428677782249605,0.0405590268126552
146,-108,59,0.0375589432434776,0.0417301979985384,0.039644570621008
147,-107,59,0.0383522600310349,0.0418006098512058,0.0400764349411203
148,-106,58,0.0356405121633675,0.041503809601258,0.0385721608823127
149,-105,59,0.0382294985578185,0.0449122035640014,0.04157085106091
150,-104,54,0.0363772468807143,0.0404460017874059,0.0384116243340601
151,-103,53,0.0380261948946117,0.0432540595921336,0.0406401272433726
152,-102,64,0.0358949400044267,0.0411680277439198,0.0385314838741733
153,-101,61,0.036668922751017,0.0437929727830811,0.040230947767049
154,-100,55,0.0365165127261131,0.0419741205979749,0.039245316662044
155,-99,53,0.0373598644849975,0.0445176324250811,0.0409387484550393
156,-98,50,0.0355624623584665,0.0400493602103902,0.0378059112844283
157,-97,49,0.0370619433558644,0.0439364980235121,0.0404992206896883
158,-96,52,0.0345433658300387,0.0408966461068319,0.0377200059684353
159,-95,64,0.0353539661278068,0.0426169185586873,0.0389854423432471
160,-94,56,0.0347627802797714,0.0396087148941491,0.0371857475869602
161,-93,55,0.0364372924646186,0.0425237276444146,0.0394805100545166
162,-92,60,0.0348254603374006,0.0404591370298127,0.0376422986836067
163,-91,43,0.0346481508311559,0.0407012167450106,0.0376746837880833
164,-90,52,0.0345374594646896,0.0398580222976092,0.0371977408811494
165,-89,58,0.0349332927824426,0.0427276743731002,0.0388304835777714
166,-88,51,0.0344034303085002,0.0379123618290517,0.036157896068776
167,-87,50,0.0354067863782499,0.0395822980737672,0.0374945422260086
168,-86,51,0.0360449810381658,0.0404866313703955,0.0382658062042807
169,-85,47,0.0346522902087705,0.041850262486067,0.0382512763474188
170,-84,61,0.0328941763947451,0.0408756712539687,0.0368849238243569
171,-83,51,0.0358148636145544,0.0423648753499876,0.039089869482271
172,-82,57,0.0332404926602122,0.0386640382211937,0.035952265440703
173,-81,52,0.0340806189812685,0.0398908625502129,0.0369857407657407
174,-80,56,0.0352368965606563,0.0394324825905287,0.0373346895755925
175,-79,65,0.0340251700452691,0.039876981587858,0.0369510758165635
176,-78,54,0.0317397969526294,0.0390259836611049,0.0353828903068671
177,-77,56,0.0333683195329287,0.0386172298876145,0.0359927747102716
178,-76,58,0.0325009728353789,0.0376650443414648,0.0350830085884218
179,-75,52,0.0333393299854563,0.0403568472705178,0.036848088627987
180,-74,57,0.0331139349565258,0.0379485495914943,0.0355312422740101
181,-73,61,0.0336511965911896,0.0406072831150381,0.0371292398531139
182,-72,58,0.0330145374500102,0.0361965197172553,0.0346055285836327
183,-71,49,0.0323450192686633,0.0385083172366402,0.0354266682526517
184,-70,62,0.0318457837088556,0.0361998323149991,0.0340228080119274
185,-69,56,0.0310631819214952,0.0382324004194027,0.0346477911704489
186,-68,50,0.0320364879435766,0.0350605138873012,0.0335485009154389
187,-67,45,0.0315698714186934,0.0360534970117041,0.0338116842151988
188,-66,54,0.030401024870532,0.0348562221482187,0.0326286235093753
189,-65,58,0.0312758512897813,0.0355995115162271,0.0334376814030042
190,-64,56,0.0290834692659633,0.0362422667595647,0.032662868012764
191,-63,61,0.0305060145631438,0.0357553006919026,0.0331306576275232
192,-62,58,0.0285062763726623,0.0343723136675348,0.0314392950200986
193,-61,52,0.0310285300149789,0.0339477988320482,0.0324881644235135
194,-60,54,0.0286924521293503,0.0310381518525356,0.029865301990943
195,-59,57,0.0288826671874785,0.0368107176397516,0.032846692413615
196,-58,47,0.0264952703518677,0.0338661739683397,0.0301807221601037
197,-57,56,0.0287626177041322,0.0352482692176816,0.0320054434609069
198,-56,54,0.0286050644003437,0.0327702052199026,0.0306876348101232
199,-55,55,0.0299879413627528,0.032534660080928,0.0312613007218404
200,-54,56,0.026507602204949,0.0326171882725311,0.02956239523874
201,-53,56,0.0290707562021437,0.031793591183588,0.0304321736928659
202,-52,50,0.0280945249612946,0.0318067234508098,0.0299506242060522
203,-51,56,0.0282082021232376,0.0313445566335518,0.0297763793783947
204,-50,59,0.027319702690864,0.0300091151840707,0.0286644089374674
205,-49,52,0.0265912173241212,0.0320614429918422,0.0293263301579817
206,-48,58,0.025251947566848,0.0306827381268968,0.0279673428468724
207,-47,54,0.0260471335003519,0.0318938654623039,0.0289704994813279
208,-46,61,0.0234601665485439,0.028674967425788,0.0260675669871659
209,-45,55,0.0250413285490815,0.0293769423354436,0.0272091354422626
210,-44,56,0.0225210987755188,0.0290846267807442,0.0258028627781315
211,-43,58,0.0238283712588716,0.0292204547558244,0.026524413007348
212,-42,51,0.0227405269444924,0.0268690976754508,0.0248048123099716
213,-41,50,0.0258260242471353,0.0310271345709439,0.0284265794090396
214,-40,61,0.024434951970523,0.0275464609513246,0.0259907064609238
215,-39,65,0.0241656104863898,0.0295508533449843,0.026858231915687
216,-38,57,0.0231380612148049,0.0286445453189361,0.0258913032668705
217,-37,58,0.0222645220858572,0.0282672965118983,0.0252659092988777
218,-36,49,0.0218287955230074,0.0273572095945567,0.024593002558782
219,-35,63,0.0202920105606049,0.0265781585489649,0.0234350845547849
220,-34,54,0.0199925153913745,0.0250431675150091,0.0225178414531918
221,-33,57,0.020874071145935,0.0259288206194839,0.0234014458827094
222,-32,63,0.0186960294510696,0.0236250706514207,0.0211605500512452
223,-31,67,0.0204234479482143,0.0233920940603815,0.0219077710042979
224,-30,52,0.0177011553307992,0.0246968664952542,0.0211990109130267
225,-29,52,0.0184236569698233,0.0248670782938585,0.0216453676318409
226,-28,60,0.0185403731737543,0.0222911891550397,0.020415781164397
227,-27,52,0.0165382249413932,0.0246166584190493,0.0205774416802212
228,-26,61,0.0143500424509074,0.023429614444136,0.0188898284475217
229,-25,60,0.0158373178542203,0.0237087744543315,0.0197730461542759
230,-24,67,0.0138969006450973,0.0196592809301457,0.0167780907876215
231,-23,49,0.0123472970804154,0.0223620412549087,0.017354669167662
232,-22,50,0.0119515930114569,0.0193556295886006,0.0156536113000287
233,-21,54,0.0139502368843478,0.0201334396399326,0.0170418382621402
234,-20,61,0.00986075168402678,0.0189611874907694,0.0144109695873981
235,-19,60,0.0102673622901489,0.0190787553512649,0.0146730588207069
236,-18,52,0.00927448092385708,0.0163660847075037,0.0128202828156804
237,-17,54,0.00782923932712887,0.017542762133048,0.0126860007300884
238,-16,66,0.0085361698191162,0.0137710620179137,0.0111536159185149
239,-15,58,0.0069355278887796,0.0161683293986498,0.0115519286437147
240,-14,56,0.00357909307479432,0.0124681144223857,0.00802360374859001
241,-13,53,0.00659551628227728,0.0103656925597926,0.00848060442103493
242,-12,52,0.00303066487109205,0.0113967846958734,0.0072137247834827
243,-11,52,0.00102476280593156,0.0111744150863012,0.0060995889461164
244,-10,52,0.00145274580661947,0.0115420535478176,0.00649739967721852
245,-9,55,0.00129775670494436,0.0114146440426877,0.00635620037381601
246,-8,60,0.000944185002734299,0.00908865777558066,0.00501642138915748
247,-7,60,0.00201375900945777,0.00914889025613941,0.00558132463279859
248,-6,53,-0.00047537291459121,0.00768846839185744,0.00360654773863311
249,-5,55,-0.000927644024831698,0.00811708371324416,0.00359471984420623
250,-4,55,0.00119742984320881,0.0076678270117253,0.00443262842746706
251,-3,55,0.000654351510293028,0.00831947156167634,0.00448691153598468
252,-2,66,0.000404225131922176,0.00801796094997898,0.00421109304095058
253,-1,61,0.000309160594124891,0.007965788385217,0.00413747448967094
254,0,72,-0.00370122736881484,0.00370122736881484,0
255,1,66,0.00072211400464639,0.0120802682840501,0.00640119114434823
256,2,75,0.000511087532881538,0.0111654963945227,0.00583829196370211
257,3,69,-0.00109085183350233,0.0121101510302294,0.00550964959836353
258,4,70,0.00968573631951619,0.0226317236461249,0.0161587299828205
259,5,56,0.0136770808167934,0.0262010814716671,0.0199390811442303
260,6,67,0.0238640100686404,0.0330890691260793,0.0284765395973599
261,7,71,0.0259988817988381,0.0379271521382067,0.0319630169685224
262,8,74,0.0291783021616226,0.0411585593102198,0.0351684307359212
263,9,65,0.0306496687747809,0.0409193694657056,0.0357845191202433
264,10,76,0.0306550565802294,0.0434678934859855,0.0370614750331074
265,11,78,0.0334590246239633,0.0420016647134732,0.0377303446687183
266,12,68,0.035067688554219,0.0453471253140988,0.0402074069341589
267,13,77,0.0363095589803171,0.0473250797956215,0.0418173193879693
268,14,76,0.0393754600463031,0.0489063083996216,0.0441408842229624
269,15,72,0.0393761504541931,0.0505694256924895,0.0449727880733413
270,16,79,0.0399878664578888,0.0511656842753914,0.0455767753666401
271,17,79,0.0399294286848172,0.0469144015214923,0.0434219151031547
272,18,79,0.0423931929240153,0.0521538986371779,0.0472735457805966
273,19,69,0.0407432327331181,0.0509260589891931,0.0458346458611556
274,20,75,0.0413194527347494,0.0505734460511176,0.0459464493929335
275,21,61,0.0407937855151698,0.0510423400794405,0.0459180627973051
276,22,73,0.0438699844923638,0.0526295740180909,0.0482497792552273
277,23,72,0.0426873499882527,0.0540304023902469,0.0483588761892498
278,24,75,0.0436361893805325,0.0540670059938749,0.0488515976872037
279,25,64,0.0455092053448233,0.0539170633738727,0.049713134359348
280,26,58,0.0449168573195604,0.0557075003050886,0.0503121788123245
281,27,71,0.0475305634090011,0.0560330181455566,0.0517817907772788
282,28,77,0.0480096703245094,0.0568177901318141,0.0524137302281618
283,29,73,0.0473313360821702,0.0589734599005055,0.0531523979913379
284,30,75,0.0467076072323971,0.0589459818082871,0.0528267945203421
285,31,76,0.0502791334613548,0.0596432001583977,0.0549611668098763
286,32,64,0.0500044243539393,0.0597400727488748,0.054872248551407
287,33,76,0.051009422513671,0.0585325109679273,0.0547709667407992
288,34,76,0.0527562718327383,0.0626437019761623,0.0576999869044503
289,35,73,0.054148463423782,0.0631535231226302,0.0586509932732061
290,36,79,0.0534366640456373,0.0640279718948148,0.058732317970226
291,37,80,0.0548841043531403,0.0638552101898293,0.0593696572714848
292,38,75,0.0550017619677959,0.0638465433865684,0.0594241526771822
293,39,73,0.0562576721512601,0.0639695880457415,0.0601136300985008
294,40,79,0.0560696350913549,0.0639590953080124,0.0600143651996836
295,41,62,0.0562898719824909,0.0627358349446785,0.0595128534635847
296,42,76,0.0567050000173687,0.0647800743681629,0.0607425371927658
297,43,76,0.0595041625642667,0.0645852825143058,0.0620447225392863
298,44,76,0.059398277219017,0.0656347532239069,0.062516515221462
299,45,70,0.0610728116204194,0.0657268163954844,0.0633998140079519
300,46,79,0.0596677188772212,0.0685959547093273,0.0641318367932743
301,47,78,0.0634652704984775,0.0677194650461341,0.0655923677723058
302,48,74,0.0607757751339061,0.069824388973939,0.0653000820539226
303,49,67,0.060289560565563,0.0675969937320752,0.0639432771488191
304,50,79,0.0615499078468613,0.0688936694231934,0.0652217886350274
305,51,72,0.0618273013858245,0.0674541722470753,0.0646407368164499
306,52,70,0.0630056921883019,0.0686793090230972,0.0658425006056995
307,53,72,0.0641520053497192,0.068264972435575,0.0662084888926471
308,54,78,0.0636330124524775,0.0723160604858806,0.0679745364691791
309,55,69,0.0631007002815247,0.0714448582888982,0.0672727792852115
310,56,72,0.06434787920057,0.0713326807053168,0.0678402799529434
311,57,78,0.0640662952202414,0.0729492012760012,0.0685077482481213
312,58,78,0.065271493810958,0.0707885798387429,0.0680300368248504
313,59,66,0.064758940603174,0.0707902329649898,0.0677745867840819
314,60,75,0.0630389462208696,0.0732563913665367,0.0681476687937032
315,61,62,0.063318851385804,0.0742145274833129,0.0687666894345584
316,62,73,0.0660725596283791,0.0715208807724308,0.068796720200405
317,63,72,0.0655221479666794,0.0721023676460382,0.0688122578063588
318,64,72,0.0645758736050387,0.072217017382178,0.0683964454936083
319,65,69,0.0652657086978163,0.0735842094274985,0.0694249590626574
320,66,61,0.0670124899864505,0.0722262703740918,0.0696193801802711
321,67,64,0.0645548837411448,0.0735330401526709,0.0690439619469079
322,68,69,0.0651032846781748,0.0747942961218212,0.069948790399998
323,69,73,0.0665845073121277,0.0729559530383613,0.0697702301752445
324,70,75,0.0668468741717023,0.0755569626997505,0.0712019184357264
325,71,77,0.0647019710785187,0.0749591617289199,0.0698305664037193
326,72,75,0.0672443615778852,0.075285028237091,0.0712646949074881
327,73,61,0.06614719964457,0.0746577355156871,0.0704024675801286
328,74,73,0.0659367861359518,0.0749791789354258,0.0704579825356888
329,75,80,0.0656288815719236,0.0776098865911051,0.0716193840815144
330,76,80,0.0676928686525508,0.0732609915537311,0.0704769301031409
331,77,77,0.0644553241362614,0.0783041863301713,0.0713797552332164
332,78,67,0.0675041165177716,0.074484153962849,0.0709941352403103
333,79,78,0.0661354769541722,0.077771138346084,0.0719533076501281
334,80,58,0.0683534489899055,0.0765967259507286,0.0724750874703171
335,81,69,0.0689213698026765,0.0762522950407507,0.0725868324217136
336,82,73,0.0681398629506643,0.0780376499523646,0.0730887564515145
337,83,70,0.0693241973889905,0.0757913741118955,0.072557785750443
338,84,80,0.0685875371002718,0.0782710767669863,0.073429306933629
339,85,76,0.0693674018891517,0.0761940449347078,0.0727807234119298
340,86,80,0.0694966740129347,0.0789731633524474,0.074234918682691
341,87,74,0.0666412648089341,0.0785515703351989,0.0725964175720665
342,88,75,0.0678934683915895,0.0770459935184493,0.0724697309550194
343,89,78,0.0687837781404735,0.078909443478946,0.0738466108097098
344,90,69,0.0691316711784427,0.0797611055918284,0.0744463883851355
345,91,63,0.0685666176722876,0.077057836413699,0.0728122270429933
346,92,68,0.0687232655520784,0.0784844274812297,0.0736038465166541
347,93,63,0.0687597536188401,0.0791581552524477,0.0739589544356439
348,94,79,0.0695141210006696,0.0797202691234131,0.0746171950620413
349,95,70,0.0691073941333875,0.0794033837500898,0.0742553889417387
350,96,79,0.0703984312630479,0.0783024199156908,0.0743504255893693
351,97,65,0.0715402600118391,0.080271754415886,0.0759060072138625
352,98,71,0.0716285420136811,0.079752601692364,0.0756905718530225
353,99,71,0.0701696136265414,0.0792519941677826,0.074710803897162
354,100,63,0.0710786778893292,0.0796102341873209,0.0753444560383251
355,101,67,0.0709326358608279,0.0814464166184204,0.0761895262396242
356,102,78,0.0712442360666686,0.07994841177901,0.0755963239228393
357,103,74,0.0710648909809131,0.0811054575328019,0.0760851742568575
358,104,75,0.0721992972322264,0.08167908967481,0.0769391934535182
359,105,77,0.0702312630148961,0.0818647626879919,0.076048012851444
360,106,74,0.0738624983295526,0.0804698872701712,0.0771661927998619
361,107,80,0.0719432593767185,0.0817058158566134,0.076824537616666
362,108,62,0.0717714924446229,0.082079807383221,0.0769256499139219
363,109,73,0.0745411831834808,0.0792014099278109,0.0768712965556458
364,110,71,0.0729520994516627,0.0823270454721684,0.0776395724619156
365,111,77,0.0721927716295306,0.0814678467703546,0.0768303091999426
366,112,62,0.0736929780123783,0.0797333316326747,0.0767131548225265
367,113,78,0.0731213018178486,0.0820557813922126,0.0775885416050306
368,114,71,0.0732256361031609,0.0825000519417403,0.0778628440224506
369,115,76,0.0723497883697141,0.0826812496989292,0.0775155190343216
370,116,78,0.0747871307527292,0.0813145361707246,0.0780508334617269
371,117,79,0.075047086563551,0.0826447496811394,0.0788459181223452
372,118,72,0.0727835014200134,0.0838995788339204,0.0783415401269669
373,119,70,0.0753940523016058,0.0836707218527565,0.0795323870771811
374,120,78,0.0713588115680998,0.0819797020636556,0.0766692568158777
375,121,77,0.0739228328227698,0.083550298777895,0.0787365658003324
376,122,73,0.0736601067351902,0.0833289275802446,0.0784945171577174
377,123,73,0.0744736182970838,0.0826108675857351,0.0785422429414094
378,124,69,0.0732075391616579,0.0843088413391867,0.0787581902504223
379,125,71,0.0737986985375964,0.0822583939547062,0.0780285462461513
380,126,69,0.0737955980901384,0.0849044816104212,0.0793500398502798
381,127,62,0.0760373144455943,0.0841248764498158,0.080081095447705
382,128,68,0.0742510583507062,0.0844754633606631,0.0793632608556847
383,129,78,0.074123361950997,0.084297747733929,0.079210554842463
384,130,70,0.0758526547815656,0.0848101215020783,0.080331388141822
385,131,71,0.0742950356728415,0.084821851335431,0.0795584435041362
386,132,71,0.0746268967226937,0.0857124536086253,0.0801696751656595
387,133,65,0.0760993954624709,0.0831518916496483,0.0796256435560596
388,134,73,0.0759634110325043,0.0851918149832573,0.0805776130078808
389,135,68,0.0765851538388889,0.0845594301223471,0.080572291980618
390,136,68,0.0752192421794856,0.0839933702758143,0.07960630622765
391,137,58,0.0752197434489936,0.0843087698277969,0.0797642566383953
392,138,74,0.0751379259190452,0.0828178034333698,0.0789778646762075
393,139,61,0.0763200981698283,0.0847399379514145,0.0805300180606214
394,140,79,0.0759688279941295,0.0846940465154506,0.0803314372547901
395,141,58,0.0758601136796865,0.0848617738622569,0.0803609437709717
396,142,76,0.0734368274882807,0.0838700657025876,0.0786534465954342
397,143,80,0.0741730901738341,0.0852925274247737,0.0797328087993039
398,144,74,0.0753518910563898,0.0852898105382586,0.0803208507973242
399,145,70,0.0753630909533671,0.0842995736782153,0.0798313323157912
400,146,77,0.0757310707247139,0.0822077376728041,0.078969404198759
401,147,74,0.0778938536416228,0.0859485938506309,0.0819212237461269
402,148,67,0.0766816966253475,0.0846556799521784,0.080668688288763
403,149,69,0.0748648767087424,0.0831033189768661,0.0789840978428042
404,150,68,0.0753754580330065,0.0826356219437835,0.079005539988395
405,151,67,0.0750714125821884,0.0855195486534496,0.080295480617819
406,152,71,0.0746297564788719,0.0843658327206712,0.0794977945997716
407,153,76,0.0761796973177441,0.0851974045286165,0.0806885509231803
408,154,66,0.0757787955027857,0.0864372756748352,0.0811080355888104
409,155,78,0.0775123061928238,0.0838981502683311,0.0807052282305775
410,156,72,0.0769167548160339,0.084903992732591,0.0809103737743124
411,157,71,0.0772100184464115,0.0839621921677949,0.0805861053071032
412,158,77,0.0765852674320261,0.083070588347188,0.079827927889607
413,159,77,0.0769423255466783,0.0819127995722109,0.0794275625594446
414,160,76,0.0766835308159747,0.0836284868799609,0.0801560088479678
415,161,79,0.0753062162971742,0.0851316730858657,0.0802189446915199
416,162,64,0.0773290695017546,0.0845623067836763,0.0809456881427154
417,163,68,0.0774973885669394,0.0846288582685113,0.0810631234177254
418,164,67,0.0750868418321429,0.0839227948287304,0.0795048183304367
419,165,79,0.0772196801547027,0.0847171704548475,0.0809684253047751
420,166,78,0.0768768184238926,0.0872714270442361,0.0820741227340643
421,167,79,0.0739199655107876,0.0843670545671169,0.0791435100389523
422,168,72,0.0756741137931017,0.085971533688823,0.0808228237409624
423,169,66,0.0760632428117625,0.085380487552499,0.0807218651821308
424,170,58,0.0739852732193474,0.084806847884033,0.0793960605516902
425,171,76,0.0775494993629224,0.08428923786309,0.0809193686130062
426,172,66,0.0755414056795338,0.0855505344031231,0.0805459700413285
427,173,78,0.0762365996118225,0.0865786942855326,0.0814076469486775
428,174,60,0.0753614163775742,0.0847292980419472,0.0800453572097607
429,175,71,0.0770830510124864,0.0839515826252785,0.0805173168188824
430,176,64,0.0742305611975647,0.0847691248659224,0.0794998430317435
431,177,72,0.0755932826802518,0.0836913948053885,0.0796423387428201
432,178,80,0.0767539024679814,0.0848745408074408,0.0808142216377111
433,179,63,0.0772010022502383,0.0843791964674294,0.0807900993588339
434,180,74,0.0758518671527325,0.0861123815278059,0.0809821243402692
435,181,76,0.0786929811305137,0.0854559520514433,0.0820744665909785
436,182,66,0.0767230164071119,0.0848376910669354,0.0807803537370236
437,183,65,0.0767912288813406,0.0844942167676852,0.0806427228245129
438,184,70,0.0780276791930736,0.0850882746218529,0.0815579769074632
439,185,66,0.0786853919419876,0.0851576734459853,0.0819215326939865
440,186,66,0.0773962372539214,0.0844536723621176,0.0809249548080195
441,187,62,0.076555278116767,0.0853998785999274,0.0809775783583472
442,188,64,0.076678726030364,0.0837967415338644,0.0802377337821142
443,189,74,0.078001864246841,0.0845964115524473,0.0812991378996442
444,190,73,0.075790657028102,0.084353065040671,0.0800718610343865
445,191,67,0.0764750733282856,0.08533641275654,0.0809057430424128
446,192,75,0.0766627099305831,0.0854703907136231,0.0810665503221031
447,193,60,0.0782410994257717,0.0879443129205405,0.0830927061731561
448,194,57,0.0761391313316145,0.08633000842413,0.0812345698778723
449,195,70,0.0777621972350395,0.0854961826400658,0.0816291899375526
450,196,69,0.0780697077276113,0.0868255525824788,0.0824476301550451
451,197,64,0.0765525103369218,0.0851615408481494,0.0808570255925356
452,198,61,0.0773173810540924,0.0860824283633392,0.0816999047087158
453,199,70,0.0780113450049024,0.0859288479648485,0.0819700964848754
454,200,76,0.0769306626252536,0.0870219152036013,0.0819762889144274
455,201,66,0.0777280415230169,0.0868041445133884,0.0822660930182026
456,202,75,0.0791334799329082,0.0868734069212755,0.0830034434270919
457,203,60,0.079022921034911,0.0838704065424246,0.0814466637886678
458,204,55,0.0774940076178031,0.0842875327456049,0.080890770181704
459,205,59,0.0784095329931603,0.0859215864898298,0.0821655597414951
460,206,72,0.0762595682880697,0.0859188235858436,0.0810891959369566
461,207,69,0.0770804037665037,0.0866778517511168,0.0818791277588102
462,208,67,0.0780999242183295,0.0860141856543727,0.0820570549363511
463,209,56,0.0757928830326788,0.0848006418339857,0.0802967624333323
464,210,64,0.0809242219781559,0.0868067381866477,0.0838654800824018
465,211,58,0.077555342313449,0.0865798994424496,0.0820676208779493
466,212,78,0.0770386176805882,0.0865683387092282,0.0818034781949082
467,213,77,0.0772725780620893,0.0861442639910643,0.0817084210265768
468,214,67,0.0771886049491299,0.0866478941078723,0.0819182495285011
469,215,54,0.0771433172487894,0.0860891771455923,0.0816162471971908
470,216,78,0.0791956891695894,0.0862136485757289,0.0827046688726591
471,217,80,0.0766891638886459,0.0852993575620319,0.0809942607253389
472,218,62,0.0763551480975504,0.0847895163093828,0.0805723322034666
473,219,67,0.0772348128694459,0.0884834397142352,0.0828591262918406
474,220,69,0.0796085894504451,0.0836991397615708,0.081653864606008
475,221,65,0.0790125829399041,0.0843518607448329,0.0816822218423685
476,222,62,0.0782460682207381,0.084596828137017,0.0814214481788775
477,223,75,0.0773197577857797,0.0862616633298879,0.0817907105578338
478,224,79,0.0748887449592939,0.0853084728666615,0.0800986089129777
479,225,76,0.0761368414183831,0.0869485822598935,0.0815427118391383
480,226,68,0.0802867912008302,0.0879693994119503,0.0841280953063902
481,227,77,0.0784444182716644,0.0848453104810019,0.0816448643763331
482,228,59,0.0788786482279252,0.0858331651733973,0.0823559067006613
483,229,78,0.0781713987569627,0.087463243286375,0.0828173210216688
484,230,69,0.0787591490573034,0.0841989357954374,0.0814790424263704
485,231,59,0.0794538022555619,0.0864445939751256,0.0829491981153437
486,232,75,0.0767507834311252,0.0849587702401589,0.080854776835642
487,233,50,0.0778144245866087,0.083907482576952,0.0808609535817804
488,234,70,0.0768237630394535,0.0874215492344501,0.0821226561369518
489,235,65,0.0798619651587714,0.0878111943059422,0.0838365797323568
490,236,75,0.078373860359919,0.0870540498274833,0.0827139550937012
491,237,76,0.0788374992682709,0.0858746703888885,0.0823560848285797
492,238,64,0.0794454228750995,0.087619837337365,0.0835326301062322
493,239,69,0.0762841683717624,0.088291045009559,0.0822876066906607
494,240,71,0.0777548358763162,0.0860606437014938,0.081907739788905
495,241,77,0.0776042212883737,0.0861995641536645,0.0819018927210191
496,242,60,0.0770863935866958,0.0865826887473408,0.0818345411670183
497,243,77,0.0766264014856117,0.0874605503849175,0.0820434759352646
498,244,72,0.0788643877277765,0.0856564785267938,0.0822604331272851
499,245,73,0.0784189412691084,0.087309360140093,0.0828641507046007
500,246,79,0.0775696576998485,0.0869584827292308,0.0822640702145396
501,247,62,0.0797299682779784,0.0864839517002394,0.0831069599891089
502,248,72,0.0770833176168046,0.0846615965861346,0.0808724571014696
503,249,56,0.0778375818617012,0.0853686313836519,0.0816031066226766
504,250,75,0.0786067967267269,0.0871258287826641,0.0828663127546955
505,300,61,0.0773288690377004,0.0847730525124221,0.0810509607750612
506,400,49,0.0766905514516004,0.0852346604713136,0.080962605961457
507,500,49,0.075240922840629,0.082700684096783,0.078970803468706
